90025100;4003665447544;Pásová pila Metabo BAS 260 Swift*;Metabo BAS 260 Swift*;9668
90317000;4003665433783;Pásová pila Metabo BAS 317 Precision W ;Metabo BAS 317 Precision W ;21526
90317100;4003665434384;Pásová pila Metabo BAS 317 Precision D ;Metabo BAS 317 Precision D ;21526
102160200;4003665505763;Pokosová pila Metabo KGS 216 Plus*;Metabo KGS 216 Plus*;12088
102540100;4003665505572;Pokosová pila Metabo KS 254 Plus;Metabo KS 254 Plus;12935
102540200;4003665505619;Pokosová pila Metabo KGS 254 I Plus;Metabo KGS 254 I Plus;27092
102540300;4003665505640;Pokosová pila Metabo KGS 254 Plus;Metabo KGS 254 Plus;25882
102900000;4003665453767;Pila se spodním tahem Metabo UK 290;Metabo UK 290;35078
103050100;4003665505701;Pokosová pila Metabo KS 305 Plus;Metabo KS 305 Plus;17291
103150000;4003665505671;Pokosová pila Metabo KGS 315 Plus;Metabo KGS 315 Plus;32416
103152000;4003665397535;Stolní kotouèová pila Metabo TKHS 315 C 2,0 WNB*;Metabo TKHS 315 C 2,0 WNB*;8458
103152100;4003665404417;Stolní kotouèová pila Metabo TKHS 315 C 2,8 DNB;Metabo TKHS 315 C 2,8 DNB;10878
103153100;4003665403403;Stolní kotouèová pila Metabo TKHS 315 M - komplet 3,1 WNB;Metabo TKHS 315 M - komplet 3,1 WNB;20558
103153300;4003665403427;Stolní kotouèová pila Metabo TKHS 315 M - komplet 4,2 DNB;Metabo TKHS 315 M - komplet 4,2 DNB;21526
103300000;4003665415017;Kapovací,pokosová a stolní kotouèová pil Metabo KGT 300;Metabo KGT 300;26608
103330000;4003665411583;Kotouèová pila se spodním tahem Metabo UK 333;Metabo UK 333;43185
114026000;4003665431277;Hoblovka s protahem Metabo HC 260 C 2,2 WNB*;Metabo HC 260 C 2,2 WNB*;30238
114026100;4003665436265;Hoblovka s protahem Metabo HC 260 C 2,8 DNB*;Metabo HC 260 C 2,8 DNB*;30238
130170100;4003665398358;Odsávací zaøízení Metabo SPA 1702 W 230/1/50;Metabo SPA 1702 W 230/1/50;17291
200033000;4003665424477;Mobiliní hoblovka Metabo DH 330 ;Metabo DH 330 ;22978
230146000;4007430242617;Kompresor Metabo Mega 590/90 D 400/3/90;Metabo Mega 590/90 D 400/3/90;36288
250400055;4003665425337;Hlubinné èerpadlo Metabo TBP 4000 M;Metabo TBP 4000 M;10757
250500050;4003665425948;Hlubinné èerpadlo Metabo TBP 5000 M;Metabo TBP 5000 M;12935
250660000;4003665502236;Ponorné èerpadlo Metabo TP 6600;Metabo TP 6600;2408
250660006;4003665502243;Ponorné èerpadlo s plochým sáním Metabo TPF 6600 SN;Metabo TPF 6600 SN;4344
250750000;4003665502274;Ponorné èerpadlo zneèištìných vod Metabo PS 7500 S ;Metabo PS 7500 S ;2771
250750013;4003665401546;Ponorné èerpadlo s plochým sáním Metabo TP 7500 SI;Metabo TP 7500 SI;5433
250750100;4003665502281;Ponorné èerpadlo Metabo TDP 7501 S;Metabo TDP 7501 S;8458
250800000;4003665502250;Ponorné èerpadlo Metabo TP 8000 S;Metabo TP 8000 S;2650
250800002;4003665502267;Ponorné èerpadlo s plochým sáním Metabo TPF 7000 S;Metabo TPF 7000 S;4344
251200009;4003665401553;Ponorné èerpadlo s plochým sáním Metabo TP 12000 SI;Metabo TP 12000 SI;6522
251300000;4003665502298;Ponorné èerpadlo Metabo TP 13000 S;Metabo TP 13000 S;4707
251400000;4003665502328;Ponorné èerpadlo kombinované Metabo TPS 14000 S Combi;Metabo TPS 14000 S Combi;5433
251500000;4003665502304;Ponorné èerpadlo zneèištìných vod Metabo PS 15000 S ;Metabo PS 15000 S ;5433
251600000;4003665502335;Ponorné èerpadlo kombinované Metabo TPS 16000 S Combi;Metabo TPS 16000 S Combi;6401
251800000;4003665502311;Ponorné èerpadlo zneèištìných vod Metabo PS 18000 SN;Metabo PS 18000 SN;8579
901063737;4003665447667;Sekací kladivo Metabo MHS 5000 SET;Metabo MHS 5000 SET;6522
600036000;4007430201386;Aku svítilna Metabo PowerMaxx LED*;Metabo PowerMaxx LED*;1077
600065500;4007430151704;Multifunkèní vibraèní bruska Metabo FMS 200 Intec;Metabo FMS 200 Intec;2166
600066500;4007430153128;Vibraèní bruska Metabo FSR 200 Intec 3/14;Metabo FSR 200 Intec 3/14;2166
600079500;4007430243270;Aku šroubovák Metabo PowerMaxx BS 1x2,0Ah;Metabo PowerMaxx BS 1x2,0Ah;3618
600079850;4007430243287;Aku šroubovák Metabo PowerMaxx BS 2014 bez aku* ;Metabo PowerMaxx BS 2014 bez aku* ;2650
600079890;4007430270863;Aku šroubovák Metabo PowerMaxx BS Basic bez aku*;Metabo PowerMaxx BS Basic bez aku*;2650
600080500;4007430244239;Aku šroubovák Metabo PowerMaxx BS Basic  2x2,0Ah ;Metabo PowerMaxx BS Basic  2x2,0Ah ;4223
600080530;4007430277329;Aku šroubovák+lampa+sada bitù Metabo PowerMaxx BS Basic Set 2x2,0Ah ;Metabo PowerMaxx BS Basic Set 2x2,0Ah ;4828
600090850;4007430234469;Aku šroubovák Metabo PowerMaxx BS bez aku*;Metabo PowerMaxx BS bez aku*;3255
600093500;4007430200068;Aku rázový utahovák Metabo PowerMaxx SSD 2x2,0Ah;Metabo PowerMaxx SSD 2x2,0Ah;6522
600093890;4007430270962;Aku šroubovák Metabo PowerMaxx SSD bez aku*;Metabo PowerMaxx SSD bez aku*;3255
600129000;4007430164339;Excentrická bruska Metabo SXE 450 TurboTec ;Metabo SXE 450 TurboTec ;6643
600131000;4007430164315;Excentrická bruska Metabo SXE 425 TurboTec 125 mm;Metabo SXE 425 TurboTec 125 mm;5433
600132810;4007430203380;Bezpøíklepová vrtaèka Metabo BE 6  (rychloup. sklíè)*;Metabo BE 6  (rychloup. sklíè)*;1924
600133810;4007430203397;Bezpøíklepová vrtaèka Metabo BE 10  (rychloup. sklíè)*;Metabo BE 10  (rychloup. sklíè)*;1924
600154850;4007430206817;Aku satinaèní bruska Metabo S 18 LTX 115 bez aku*;Metabo S 18 LTX 115 bez aku*;14508
600156500;4007430244260;Aku šroubovák Metabo PowerMaxx BS Quick Basic 14 2x2,0Ah ;Metabo PowerMaxx BS Quick Basic 14 2x2,0Ah ;5312
600156850;4007430243294;Aku šroubovák Metabo PowerMaxx BS Quick Basic 14 bez aku*;Metabo PowerMaxx BS Quick Basic 14 bez aku*;3255
600156890;4007430271761;Aku šroubovák Metabo PowerMaxx BS Quick Basic bez aku*;Metabo PowerMaxx BS Quick Basic bez aku*;3255
600157500;4007430244338;Aku šroubovák Metabo PowerMaxx BS Quick Pro 14 1x/4Ah ;Metabo PowerMaxx BS Quick Pro 14 1x/4Ah ;7248
600157700;4007430244352;Aku šroubovák Metabo PowerMaxx BS Quick Pro 14 1x4,0Ah met;Metabo PowerMaxx BS Quick Pro 14 1x4,0Ah met;8216
600170000;4007430210029;Úhlová bruska Metabo WX 17-150;Metabo WX 17-150;6522
600174850;4007430206749;Aku úhlová bruska Metabo W 18 LTX 125 Inox bez aku*;Metabo W 18 LTX 125 Inox bez aku*;7248
600174880;4007430247100;Aku úhlová bruska Metabo W 18 LTX 125 Inox Set;Metabo W 18 LTX 125 Inox Set;20558
600179000;4007430210036;Úhlová bruska Metabo WX 17-180;Metabo WX 17-180;7248
600191850;4007430206770;Aku koutová bruska Metabo KNS 18 LTX 150 bez aku*;Metabo KNS 18 LTX 150 bez aku*;18138
600191870;4007430206787;Aku koutová bruska Metabo KNS 18 LTX 150 Set 4,0 Ah;Metabo KNS 18 LTX 150 Set 4,0 Ah;25882
600192850;4007430214171;Aku pásová bruska na trubky Metabo RB 18 LTX 60 bez aku*;Metabo RB 18 LTX 60 bez aku*;16928
600203890;4007430236975;Aku vrtací kladivo Metabo BHA 18 LT/LTX bez aku*vložka;Metabo BHA 18 LT/LTX bez aku*vložka;7248
600210650;4007430261571;Aku kombinované kladivo Metabo KHA 18 LTX 2x5,2Ah ;Metabo KHA 18 LTX 2x5,2Ah ;18138
600210840;4007430287311;Aku kombinované kladivo Metabo KHA 18 LTX bez aku*metaloc ;Metabo KHA 18 LTX bez aku*metaloc ;7853
600228650;4007430236678;Aku vrtací kladivo Metabo BHA 18 LTX 2x5,2 Ah;Metabo BHA 18 LTX 2x5,2 Ah;19469
600261840;4007430287298;Aku bezpøíklepová vrtaèka Metabo BE 18 LTX 6 bez aku*metaloc ;Metabo BE 18 LTX 6 bez aku*metaloc ;6038
600261890;4007430263520;Aku bezpøíklepová vrtaèka Metabo BE 18 LTX 6 bez aku*;Metabo BE 18 LTX 6 bez aku*;6038
600288000;4007430273550;Adapter èlánku Metabo PA 14.4-18 LED-USB*;Metabo PA 14.4-18 LED-USB*;1561
600311500;4007430057334;Trojúhelníková bruska Metabo DSE 300 Intec;Metabo DSE 300 Intec;4344
600317500;4007430151360;Trojúhelníková bruska Metabo DSE 280 Intec;Metabo DSE 280 Intec;3497
600321850;4007430207005;Aku pásový pilník Metabo BF 18 LTX 90 bez aku*;Metabo BF 18 LTX 90 bez aku*;10394
600321870;4007430206763;Aku pásový pilník Metabo BF 18 LTX 90 Set 4,0 Ah;Metabo BF 18 LTX 90 Set 4,0 Ah;21526
600334500;4007430207098;Aku magnetická vrtaèka Metabo MAG 28 LTX 32;Metabo MAG 28 LTX 32;59278
600340000;4007430167095;Kombinované kladivo Metabo KHE 56*;Metabo KHE 56*;24188
600341000;4007430179777;Kombinované kladivo Metabo KHE 76*;Metabo KHE 76*;26608
600343000;4007430262004;Bezpøíklepová vrtaèka Metabo BE 500/6 ;Metabo BE 500/6 ;6038
600346000;4007430242402;Úhlová bruska Metabo WQ 1400*;Metabo WQ 1400*;4223
600346510;4007430279590;Úhlová bruska Metabo WQ 1400 Set*;Metabo WQ 1400 Set*;4465
600353000;4007430262011;Bezpøíklepová vrtaèka Metabo BE 500/10;Metabo BE 500/10;6764
600354000;4007430244529;Úhlová bruska Metabo W 9-115;Metabo W 9-115;2771
600365000;4007430206862;Fréza na zdivo Metabo MFE 65 *;Metabo MFE 65 *;36288
600366000;4007430167064;Bourací kladivo Metabo MHE 56*;Metabo MHE 56*;21768
600367000;4007430242723;Aku svítilna Metabo PowerMaxx ULA LED*;Metabo PowerMaxx ULA LED*;1440
600368000;4007430242730;Aku svítilna Metabo ULA 14.4-18 LED* ;Metabo ULA 14.4-18 LED* ;1682
600369000;4007430242747;Aku svítilna Metabo PowerMaxx SLA LED*;Metabo PowerMaxx SLA LED*;1682
600370000;4007430242754;Aku svítilna Metabo SLA 14.4-18 LED* ;Metabo SLA 14.4-18 LED* ;2045
600371000;4007430244727;Úhlová bruska Metabo W 9-115 Quick ;Metabo W 9-115 Quick ;3013
600374000;4007430240989;Úhlová bruska Metabo W 9-125 Quick krabice*;Metabo W 9-125 Quick krabice*;3255
600375000;4007430185655;Pásová bruska Metabo BAE 75;Metabo BAE 75;8579
600376000;4007430244611;Úhlová bruska Metabo W 9-125;Metabo W 9-125;2771
600380000;4007430244871;Úhlová bruska Metabo WP 9-115 Quick;Metabo WP 9-115 Quick;3134
600383000;4007430261991;Bezpøíklepová vrtaèka Metabo BE 600/13-2;Metabo BE 600/13-2;8458
600383700;4007430274243;Bezpøíklepová vrtaèka Metabo BE 600/13-2 Metaloc;Metabo BE 600/13-2 Metaloc;9426
600384000;4007430244949;Úhlová bruska Metabo WP 9-125 Quick ;Metabo WP 9-125 Quick ;3134
600388000;4007430240996;Úhlová bruska Metabo WEV 10-125 Quick ;Metabo WEV 10-125 Quick ;3860
600389000;4007430282767;Úhlová bruska Metabo WEA 10-125 Quick;Metabo WEA 10-125 Quick;3981
600396000;4007430167071;Bourací kladivo Metabo MHE 96*;Metabo MHE 96*;27818
600397000;4007430241207;Úhlová bruska Metabo WX 2200-230*;Metabo WX 2200-230*;4033
600398000;4007430243744;Úhlová bruska Metabo W 12-125 Quick krabice;Metabo W 12-125 Quick krabice;4344
600404650;4007430241634;Aku úhlová bruska Metabo W 18 LTX 150 2x5,2 Ah;Metabo W 18 LTX 150 2x5,2 Ah;15113
600404890;4007430241641;Aku úhlová bruska Metabo W 18 LTX 150 bez aku* vložka;Metabo W 18 LTX 150 bez aku* vložka;7248
600405000;4007430045935;Excentrická bruska Metabo SXE 400  80mm;Metabo SXE 400  80mm;4344
600407000;4007430245212;Úhlová bruska Metabo W 12-150 Quick;Metabo W 12-150 Quick;4707
600408000;4007430280022;Úhlová bruska Metabo W 12-125 HD;Metabo W 12-125 HD;5191
600408500;4007430269447;Úhlová bruska Metabo W 12-125 HD Set CED;Metabo W 12-125 HD Set CED;11483
600408510;4007430269102;Úhlová bruska Metabo W 12-125 HD Set CED Plus ;Metabo W 12-125 HD Set CED Plus ;13298
600414000;4007430245281;Úhlová bruska Metabo WP 12-125 Quick;Metabo WP 12-125 Quick;4828
600422000;4007430245335;Úhlová bruska Metabo WA 12-125 Quick ;Metabo WA 12-125 Quick ;4707
600428000;4007430245380;Úhlová bruska Metabo WPB 12-125 Quick ;Metabo WPB 12-125 Quick ;4828
600436000;4007430245434;Úhlová bruska Metabo WBA 12-125 Quick ;Metabo WBA 12-125 Quick ;4828
600441500;4007430270986;Vibraèní bruska Metabo SR 2185 kufr ;Metabo SR 2185 kufr ;3013
600442000;4007430271129;Vibraèní bruska Metabo SRE 3185 ;Metabo SRE 3185 ;3981
600442500;4007430271143;Vibraèní bruska Metabo SRE 3185 kufr ;Metabo SRE 3185 kufr ;4344
600443000;4007430271150;Excentrická bruska Metabo SXE 3125 ;Metabo SXE 3125 ;3618
600443500;4007430271167;Excentrická bruska Metabo SXE 3125 kufr ;Metabo SXE 3125 kufr ;4223
600444000;4007430271174;Excentrická bruska Metabo SXE 3150 ;Metabo SXE 3150 ;4223
600444500;4007430271181;Excentrická bruska Metabo SXE 3150 kufr ;Metabo SXE 3150 kufr ;4828
600448000;4007430245496;Úhlová bruska Metabo WE 15-125 Quick;Metabo WE 15-125 Quick;4828
600463850;4007430243058;Aku nùžky na živý plot Metabo AHS 18-55 Vbez aku* ;Metabo AHS 18-55 Vbez aku* ;7248
600464000;4007430245526;Úhlová bruska Metabo WE 15-150 Quick;Metabo WE 15-150 Quick;4828
600465000;4007430281555;Úhlová bruska Metabo WE 15-125 HD ;Metabo WE 15-125 HD ;4828
600465500;4007430269072;Úhlová bruska Metabo WE 15-125 HD Set GED Metaloc;Metabo WE 15-125 HD Set GED Metaloc;13298
600465510;4007430269089;Úhlová bruska Metabo WE 15-125 HD Set GED Metaloc ;Metabo WE 15-125 HD Set GED Metaloc ;13298
600468000;4007430243751;Úhlová bruska Metabo WEV 15-125 Quick;Metabo WEV 15-125 Quick;5191
600472000;4007430245601;Úhlová bruska Metabo WEV 15-150 Quick ;Metabo WEV 15-150 Quick ;5675
600476000;4007430245618;Úhlová bruska Metabo WEP 15-125 Quick;Metabo WEP 15-125 Quick;5191
600492000;4007430246134;Úhlová bruska Metabo WEA 15-125 Quick ;Metabo WEA 15-125 Quick ;5433
600496000;4007430246158;Úhlová bruska Metabo WEVA 15-125 Quick ;Metabo WEVA 15-125 Quick ;5675
600506000;4007430246172;Úhlová bruska Metabo WEVA 15-150 Quick;Metabo WEVA 15-150 Quick;6038
600512000;4007430083005;Elektronická úhlová vrtaèka Metabo WBE 700;Metabo WBE 700;10757
600514000;4007430246196;Úhlová bruska Metabo WEBA 17-125 Quick ;Metabo WEBA 17-125 Quick ;6885
600534000;4007430246073;Úhlová bruska Metabo WEA 17-125 Quick ;Metabo WEA 17-125 Quick ;6401
600535000;4007430279309;Úhlová bruska Metabo WEA 17-150 Quick ;Metabo WEA 17-150 Quick ;6643
600544000;4007430172297;Okružní pila Metabo KS 66 Plus;Metabo KS 66 Plus;9668
600544700;4007430226891;Okružní pila Metabo KS 66 Plus Metaloc;Metabo KS 66 Plus Metaloc;10757
600545000;4007430172280;Okružní pila Metabo KSE 68 Plus;Metabo KSE 68 Plus;10757
600548000;4007430245939;Úhlová bruska Metabo WEPBA 17-125 Quick ;Metabo WEPBA 17-125 Quick ;6764
600552000;4007430245908;Úhlová bruska Metabo WEPBA 17-150 Quick ;Metabo WEPBA 17-150 Quick ;6885
600562000;4007430245854;Úhlová bruska Metabo WEV 15-125 Quick HT;Metabo WEV 15-125 Quick HT;5917
600572000;4007430245373;Úhlová bruska Metabo WEV 15-125 Quick Inox ;Metabo WEV 15-125 Quick Inox ;6401
600572500;4007430245465;Úhlová bruska Metabo WEV 15-125 Quick Inox Set;Metabo WEV 15-125 Quick Inox Set;9668
600580000;4007430201737;Bezpøíklepová vrtaèka Metabo BE 75-16;Metabo BE 75-16;8458
600581000;4007430199041;Bezpøíklepová vrtaèka Metabo BE 751 ozubené sklíèidlo 13mm;Metabo BE 751 ozubené sklíèidlo 13mm;6522
600581810;4007430204622;Bezpøíklepová vrtaèka Metabo BE 751- Futuro Plus;Metabo BE 751- Futuro Plus;7006
600582810;4007430204639;Bezpøíklepová vrtaèka Metabo BE 1100 - Futuro Plus;Metabo BE 1100 - Futuro Plus;10757
600585700;4007430220967;Bezpøíklepová vrtaèka Metabo BE 75 Quick MetaLoc;Metabo BE 75 Quick MetaLoc;12935
600585800;4007430220950;Bezpøíklepová vrtaèka Metabo BE 75 Quick+X3 MetaLoc;Metabo BE 75 Quick+X3 MetaLoc;16202
600593700;4007430220936;Bezpøíklepová vrtaèka Metabo BE 1300 Quick MetaLoc;Metabo BE 1300 Quick MetaLoc;14024
600593800;4007430220943;Bezpøíklepová vrtaèka Metabo BE 1300 Quick+X3 MetaLoc;Metabo BE 1300 Quick+X3 MetaLoc;18380
600596000;4007430167088;Kombinované kladivo Metabo KHE 96* 2/14;Metabo KHE 96* 2/14;29028
600601510;4007430236814;Pøíklepová vrtaèka Metabo SBE 601 kufr, rychl.sk.;Metabo SBE 601 kufr, rychl.sk.;2529
600601870;4007430239136;Pøíklepová vrtaèka Metabo SBE 601 mobilní dílna*;Metabo SBE 601 mobilní dílna*;3013
600607000;4007430042125;Pøíklepová vrtaèka Metabo SBE 600 Impuls;Metabo SBE 600 Impuls;4465
600615000;4007430212313;Pøímá bruska Metabo GE 710 Compact;Metabo GE 710 Compact;6522
600616000;4007430212351;Pøímá bruska Metabo GE 710 Plus;Metabo GE 710 Plus;8458
600617000;4007430213532;Pøímá bruska Metabo GEP 710 Plus;Metabo GEP 710 Plus;9063
600618000;4007430212412;Pøímá bruska Metabo GE 950 G Plus ;Metabo GE 950 G Plus ;9668
600627000;4007430258229;Pøímá bruska Metabo GEP 950 G Plus;Metabo GEP 950 G Plus;10273
600635500;4007430238207;Magnetická vrtaèka Metabo MAG 32;Metabo MAG 32;37498
600636500;4007430238214;Magnetická vrtaèka Metabo MAG 50;Metabo MAG 50;48388
600637000;4007430213006;Kombinované kladivo Metabo KHE 3250*;Metabo KHE 3250*;10757
600638650;4007430247155;Aku pøímá bruska Metabo GA 18 LTX 2x5,2 Ah;Metabo GA 18 LTX 2x5,2 Ah;16928
600638890;4007430236890;Aku pøímá bruska Metabo GA 18 LTX bez aku*vložka;Metabo GA 18 LTX bez aku*vložka;7248
600639500;4007430228048;Aku pøímá bruska Metabo GA 18 LTX  G 1x4,0 Ah;Metabo GA 18 LTX  G 1x4,0 Ah;16202
600639850;4007430227577;Aku pøímá bruska Metabo GA 18 LTX  G bez aku*;Metabo GA 18 LTX  G bez aku*;10394
600657000;4007430201133;Kombinované kladivo Metabo KHE 2851 + sklíèidlo ;Metabo KHE 2851 + sklíèidlo ;8458
600658800;4007430215987;Kombinované kladivo Metabo KHE 2650 + sklíèidlo *;Metabo KHE 2650 + sklíèidlo *;6038
600659000;4007430208705;Kombinované kladivo Metabo KHE 3251 ;Metabo KHE 3251 ;11483
600667000;4007430246851;Stolní pila Metabo TS 216 s podstavcem ;Metabo TS 216 s podstavcem ;22978
600668000;4007430214188;Stolní pila Metabo TS 254 ;Metabo TS 254 ;27818
600676000;4007430246943;Stolní pila Metabo TS 216 bez podstavce ;Metabo TS 216 bez podstavce ;19348
600680000;4007430213891;Úhlová bruska Metabo WE 1450-125 RT;Metabo WE 1450-125 RT;5917
600687000;4007430259158;Kombinované kladivo Metabo KHE 5-40;Metabo KHE 5-40;16928
600688000;4007430259127;Bourací kladivo Metabo MHE 5 ;Metabo MHE 5 ;14508
600696510;4007430267429;Multifunkèní kladivo Metabo UHE 2450+sada 630477*;Metabo UHE 2450+sada 630477*;6643
600712000;4007430226969;Multifunkèní kladivo Metabo UHE 2850;Metabo UHE 2850;9184
600724000;4007430084026;Fréza na laky Metabo Lf 724;Metabo Lf 724;10757
600737000;4007430088116;Elektronický frézovací motor Metabo FME 737;Metabo FME 737;7006
600738000;4007430088109;Horní fréza Metabo Of E 738;Metabo Of E 738;8579
600795500;4007430213303;Aku kombinované kladivo Metabo KHA 36 LTX 2x4,0 Ah ;Metabo KHA 36 LTX 2x4,0 Ah ;24188
600795510;4007430257703;Aku kombinované kladivo Metabo KHA 36 LTX 2x2,6 Ah;Metabo KHA 36 LTX 2x2,6 Ah;20558
600841850;4007430214706;Pøíklepová vrtaèka Metabo SBE 760 rychloup.sk., kufr*;Metabo SBE 760 rychloup.sk., kufr*;3618
600842900;4007430232410;Pøíklepová vrtaèka Metabo SBE 850 bez aretace vøetene;Metabo SBE 850 bez aretace vøetene;4223
600843500;4007430212535;Pøíklepová vrtaèka Metabo SBE 1300;Metabo SBE 1300;7490
600862500;4007430193841;Pøíklepová vrtaèka Metabo SBE 710 Futuro TOP;Metabo SBE 710 Futuro TOP;3739
600865500;4007430193872;Pøíklepová vrtaèka Metabo SBE 900 Impuls;Metabo SBE 900 Impuls;6522
600867500;4007430193919;Pøíklepová vrtaèka Metabo SBE 1100 Plus;Metabo SBE 1100 Plus;7006
600882540;4007430025982;Hoblík Metabo Ho 0882+stojan *;Metabo Ho 0882+stojan *;8458
600955000;4007430230430;Okružní pila Metabo KS 55 FS*;Metabo KS 55 FS*;4828
600955700;4007430230454;Okružní pila Metabo KS 55 FS;Metabo KS 55 FS;7006
600962000;4007430240750;Zahradní èerpadlo Metabo P 2000 G ;Metabo P 2000 G ;2045
600963000;4007430240590;Zahradní èerpadlo Metabo P 3300 G;Metabo P 3300 G;2287
600964000;4007430240767;Zahradní èerpadlo Metabo P 4000 G ;Metabo P 4000 G ;2771
600965000;4007430240736;Zahradní èerpadlo Metabo P 4500 Inox ;Metabo P 4500 Inox ;4102
600966000;4007430240538;Zahradní èerpadlo Metabo P 6000 Inox;Metabo P 6000 Inox;6522
600967000;4007430240521;Zahradní èerpadlo Metabo P 9000 G;Metabo P 9000 G;8216
600968000;4007430239587;Domácí vodárna Metabo HWW 3300/25 G;Metabo HWW 3300/25 G;4102
600969000;4007430239556;Domácí vodárna Metabo HWW 3500/25 Inox ;Metabo HWW 3500/25 Inox ;4586
600970000;4007430239525;Domácí vodárna Metabo HWWI 3500/25 Inox ;Metabo HWWI 3500/25 Inox ;5554
600971000;4007430239518;Domácí vodárna Metabo HWW 4000/25 G ;Metabo HWW 4000/25 G ;4586
600972000;4007430239501;Domácí vodárna Metabo HWW 4500/25 Inox;Metabo HWW 4500/25 Inox;5312
600973000;4007430239495;Domácí vodárna Metabo HWW 4500/25 Inox Plus;Metabo HWW 4500/25 Inox Plus;6522
600974000;4007430239488;Domácí vodárna Metabo HWWI 4500/25 Inox ;Metabo HWWI 4500/25 Inox ;6401
600975000;4007430239471;Domácí vodárna Metabo HWW 6000/25 Inox;Metabo HWW 6000/25 Inox;9668
600976000;4007430239464;Domácí vodárna Metabo HWW 6000/50 Inox;Metabo HWW 6000/50 Inox;12088
600977000;4007430239280;Domácí vodárna Metabo HWW 9000/100 G;Metabo HWW 9000/100 G;12088
600978000;4007430240514;Automatické domácí èerpadlo Metabo HWA 3500 Inox ;Metabo HWA 3500 Inox ;4828
600979000;4007430240507;Automatické domácí èerpadlo Metabo HWAI 4500 Inox ;Metabo HWAI 4500 Inox ;6522
600980000;4007430239747;Automatické domácí èerpadlo Metabo HWA 6000 Inox;Metabo HWA 6000 Inox;10152
601040500;4007430183644;Pøímoèará pila Metabo STEB 70 Quick*;Metabo STEB 70 Quick*;3618
601041500;4007430183651;Pøímoèará pila Metabo STEB 80 Quick;Metabo STEB 80 Quick;4828
601042500;4007430185808;Pøímoèará pila Metabo STE 90 SCS;Metabo STE 90 SCS;5312
601043500;4007430185815;Pøímoèará pila Metabo STE 100 SCS;Metabo STE 100 SCS;6038
601111000;4007430098351;Míchadlo Metabo RWE 1100;Metabo RWE 1100;7490
601119000;4007430083012;Fréza na zdivo Metabo MFE 30*;Metabo MFE 30*;24188
601204000;4007430168146;Okružní pila ponorná Metabo KSE 55 Vario krabice;Metabo KSE 55 Vario krabice;10757
601205000;4007430210265;Odsávací zaøízení Metabo SPA 1200;Metabo SPA 1200;9668
601229000;4007430027337;Horní fréza Metabo Of E 1229* ;Metabo Of E 1229* ;12088
601229700;4007430046819;Horní fréza Metabo Of E 1229 Signal Metaloc;Metabo Of E 1229 Signal Metaloc;14024
601301000;4007430156655;Pila Ocaska Metabo PSE 1200 ;Metabo PSE 1200 ;8458
601306500;4007430240279;Aku úhlová bruska Metabo WF 18 LTX 125 2x5,2 Ah;Metabo WF 18 LTX 125 2x5,2 Ah;15718
601306840;4007430287182;Aku úhlová bruska Metabo WF 18 LTX 125 Quick bez aku*metaloc ;Metabo WF 18 LTX 125 Quick bez aku*metaloc ;7248
601401000;4007430212115;Pøímoèará pila Metabo STE 140;Metabo STE 140;6522
601402000;4007430212214;Pøímoèará pila Metabo STEB 140;Metabo STEB 140;6522
601403500;4007430212122;Pøímoèará pila Metabo STE 140 PLUS ;Metabo STE 140 PLUS ;6522
601404500;4007430212252;Pøímoèará pila Metabo STEB 140 Plus;Metabo STEB 140 Plus;7490
601405650;4007430246608;Aku pøímoèará pila Metabo STA 18 LTX 140 2x5,2 Ah;Metabo STA 18 LTX 140 2x5,2 Ah;16928
601405700;4007430213730;Aku pøímoèará pila Metabo STA 18 LTX 140 MetaLoc 2x4,0 Ah*;Metabo STA 18 LTX 140 MetaLoc 2x4,0 Ah*;16202
601405710;4007430219411;Aku pøímoèará pila Metabo STA 18 LTX 140 MetaLoc 1x4,0 Ah*;Metabo STA 18 LTX 140 MetaLoc 1x4,0 Ah*;14024
601405840;4007430287472;Aku pøímoèará pila Metabo STA 18 LTX 140 bez aku*metaloc ;Metabo STA 18 LTX 140 bez aku*metaloc ;7248
601531000;4007430244406;Kompresor Metabo Power 180-5 W OF PP;Metabo Power 180-5 W OF PP;4828
601532000;4007430244413;Kompresor bezolejový Metabo Basic 250-24 W OF*;Metabo Basic 250-24 W OF*;4828
601533000;4007430244420;Kompresor Metabo Basic 250-24 W*;Metabo Basic 250-24 W*;4828
601534000;4007430244437;Kompresor Metabo Basic 250-50 W*;Metabo Basic 250-50 W*;7248
601536000;4007430244451;Kompresor Metabo Mega 400-50 W 2/12;Metabo Mega 400-50 W 2/12;26608
601537000;4007430244468;Kompresor Metabo Mega 400-50 D ;Metabo Mega 400-50 D ;26608
601538000;4007430244734;Kompresor Metabo Mega 350-100 W;Metabo Mega 350-100 W;24188
601539000;4007430244765;Kompresor Metabo Mega 350-100 D;Metabo Mega 350-100 D;24188
601540000;4007430244772;Kompresor Metabo Mega 550-90 D ;Metabo Mega 550-90 D ;35078
601541000;4007430244789;Kompresor Metabo Mega 520-200 D;Metabo Mega 520-200 D;32658
601542000;4007430244833;Kompresor Metabo Mega 700-90 D ;Metabo Mega 700-90 D ;41128
601543000;4007430244840;Kompresor Metabo Mega 650-270 D;Metabo Mega 650-270 D;43548
601544000;4007430244857;Kompresor Metabo Power 250-10 W OF PP;Metabo Power 250-10 W OF PP;7853
601545000;4007430244864;Kompresor Metabo Power 280-20 W OF;Metabo Power 280-20 W OF;13298
601546000;4007430244888;Kompresor Metabo Power 400-20 W OF;Metabo Power 400-20 W OF;27818
601547000;4007430244918;"Vzduchový rázový utahovák Metabo DSSW 450-3/8""";"Metabo DSSW 450-3/8""";5917
601548000;4007430244932;"Vzduchový rázový utahovák Metabo DSSW 475-1/2"" ";"Metabo DSSW 475-1/2"" ";5917
601549000;4007430244987;"Vzduchový rázový utahovák Metabo DSSW 930-1/2"" ";"Metabo DSSW 930-1/2"" ";6280
601550000;4007430244994;"Vzduchový rázový utahovák Metabo DSSW 1690-3/4"" ";"Metabo DSSW 1690-3/4"" ";14266
601551000;4007430245007;"Vzduchový rázový utahovák Metabo DSSW 2440-1""";"Metabo DSSW 2440-1""";22978
601552000;4007430245021;"Vzduchový ráènový utahovák Metabo DRS 35-1/4"" ";"Metabo DRS 35-1/4"" ";2892
601553000;4007430245052;"Vzduchový ráènový utahovák Metabo DRS 95-1/2"" ";"Metabo DRS 95-1/2"" ";3255
601554000;4007430245557;Vzduchová pøímá bruska Metabo DG 700 ;Metabo DG 700 ;3618
601555000;4007430245670;Vzduchová pøímá bruska Metabo DG 700 L ;Metabo DG 700 L ;4586
601556000;4007430245687;Vzduchová úhlová bruska Metabo DW 125 ;Metabo DW 125 ;5917
601557000;4007430245694;Vzduchová úhlová bruska Metabo DW 125 Quick ;Metabo DW 125 Quick ;6643
601558000;4007430245809;Vzduchová excentrická bruska Metabo DSX  150 ;Metabo DSX  150 ;6280
601559000;4007430245816;Vzduchový pásový pilník Metabo DBF 457 ;Metabo DBF 457 ;5796
601560500;4007430245830;Vzduchová pila na karoserie Metabo DKS 10 Set ;Metabo DKS 10 Set ;6280
601561500;4007430245878;Vzduchové sekací kladivo Metabo DMH 290 Set ;Metabo DMH 290 Set ;7248
601562500;4007430245885;Vzduchová sponkovaèka Metabo DKNG 40/50;Metabo DKNG 40/50;8216
601563500;4007430245946;Vzduchová sponkovaèka Metabo DPN 25;Metabo DPN 25;6764
601564500;4007430245953;Vzduchová sponkovaèka Metabo DKG 80/16;Metabo DKG 80/16;3618
601565500;4007430245960;Vzduchová sponkovaèka Metabo DKG 90/25;Metabo DKG 90/25;5070
601566500;4007430245977;Vzduchová sponkovaèka Metabo DKG 90/40 ;Metabo DKG 90/40 ;8095
601567500;4007430245984;Vzduchová sponkovaèka Metabo DKG 114/65 ;Metabo DKG 114/65 ;13177
601568500;4007430245991;Vzduchová sponkovaèka Metabo DSN 50 ;Metabo DSN 50 ;7490
601569000;4007430246004;Otryskávací pistole Metabo SSP 1000;Metabo SSP 1000;726
601570000;4007430246011;Rozprašovací pistole Metabo SPP 1000 ;Metabo SPP 1000 ;726
601571000;4007430246028;Kombinovaná støíkací pistole Metabo UBS 1000;Metabo UBS 1000;678
601572000;4007430246035;Tlaková maznice Metabo DFP 400 ;Metabo DFP 400 ;3013
601573000;4007430246059;Vzduchová pistole na kartuše Metabo DKP 310;Metabo DKP 310;1924
601574000;4007430246066;Støíkací pistole Metabo FSP 100;Metabo FSP 100;1561
601575000;4007430246103;Støíkací pistole Metabo FSP 600 ;Metabo FSP 600 ;1198
601576000;4007430246110;Støíkací pistole Metabo FSP 1000 S ;Metabo FSP 1000 S ;1561
601577000;4007430246127;Støíkací pistole Metabo FSP 600 HVLP ;Metabo FSP 600 HVLP ;4465
601578000;4007430246202;Støíkací pistole Metabo FSP 600 LVLP;Metabo FSP 600 LVLP;5070
601579000;4007430246219;Ofukovací pistole Metabo BP 10;Metabo BP 10;242
601580000;4007430246233;Ofukovací pistole Metabo BP 210 ;Metabo BP 210 ;303
601581000;4007430246257;Ofukovací pistole Metabo BP 200 ;Metabo BP 200 ;411
601582000;4007430246271;Ofukovací pistole Metabo BP 500 ;Metabo BP 500 ;508
601583000;4007430246295;Ofukovací pistole Metabo BPA 15 ;Metabo BPA 15 ;508
601584000;4007430246318;Ofukovací pistole Metabo BPA 15 S;Metabo BPA 15 S;847
601585000;4007430246332;Pøíslušenství set kompresor Metabo LPZ 4 Set ;Metabo LPZ 4 Set ;1198
601586000;4007430246356;Pøíslušenství set kompresor Metabo LPZ 7 Set ;Metabo LPZ 7 Set ;1682
601587000;4007430253859;Kompresor Metabo Mega 350-150 D;Metabo Mega 350-150 D;26608
601588000;4007430253866;Kompresor Metabo Mega 580-200 D ;Metabo Mega 580-200 D ;38708
601589000;4007430272041;Kompresor Metabo Mega 350-50 W ;Metabo Mega 350-50 W ;19348
601650000;4007430181695;Horkovzdušná pistole Metabo H 16-500 krabice ;Metabo H 16-500 krabice ;2166
601750000;4007430193247;Dvoukotouèová bruska Metabo BS 175;Metabo BS 175;9668
602012000;4007430237118;Vysavaè Metabo AS 20 L;Metabo AS 20 L;5433
602013000;4007430237125;Vysavaè Metabo ASA 32 L;Metabo ASA 32 L;6038
602014000;4007430246677;Vysavaè Metabo ASA 25 L PC;Metabo ASA 25 L PC;6643
602015000;4007430246721;Vysavaè Metabo ASA 30 L PC Inox* ;Metabo ASA 30 L PC Inox* ;7248
602019000;4007430028075;Sponkovaèka Metabo Ta E 2019;Metabo Ta E 2019;6522
602024000;4007430241054;Vysavaè Metabo ASR 25 L SC*;Metabo ASR 25 L SC*;12088
602034000;4007430241092;Vysavaè Metabo ASR 50 L SC Vibra;Metabo ASR 50 L SC Vibra;16323
602045000;4007430241115;Vysavaè Metabo ASR 50 M SC Vibra;Metabo ASR 50 M SC Vibra;21163
602050000;4007430201713;Bruska na kámen Metabo PWE 11-100;Metabo PWE 11-100;11846
602057000;4007430250094;Vysavaè Metabo ASR 35 L ACP ;Metabo ASR 35 L ACP ;16928
602058000;4007430250124;Vysavaè Metabo ASR 35 M ACP ;Metabo ASR 35 M ACP ;20558
602059000;4007430279316;Vysavaè Metabo ASR 35 H ACP ;Metabo ASR 35 H ACP ;25398
602060000;4007430198952;Horkovzdušná pistole Metabo HE 20-600 krabice;Metabo HE 20-600 krabice;3255
602060500;4007430197535;Horkovzdušná pistole Metabo HE 20-600 kufr;Metabo HE 20-600 kufr;3739
602100500;4007430213518;Aku vrtaèka Metabo BS 14.4 LT;Metabo BS 14.4 LT;9668
602100510;4007430261502;Aku vrtaèka Metabo BS 14.4 LT Compact 2x2,0Ah /1-13mm/*;Metabo BS 14.4 LT Compact 2x2,0Ah /1-13mm/*;7490
602101500;4007430213570;Aku vrtaèka Metabo BS 14.4 LT Quick;Metabo BS 14.4 LT Quick;10757
602102500;4007430213471;Aku vrtaèka Metabo BS 18 LT 2x4,0Ah*;Metabo BS 18 LT 2x4,0Ah*;9668
602102530;4007430261519;Aku vrtaèka Metabo BS 18 LT Compact 2x2,0Ah /1-13mm/*;Metabo BS 18 LT Compact 2x2,0Ah /1-13mm/*;8458
602102560;4007430279507;Aku vrtaèka Metabo BS 18 LT 2x4,0Ah Set*;Metabo BS 18 LT 2x4,0Ah Set*;9668
602102650;4007430236708;Aku vrtaèka Metabo BS 18 LT 5,2Ah;Metabo BS 18 LT 5,2Ah;14024
602102840;4007430286925;Aku vrtaèka Metabo BS 18 LT bez aku* metaloc;Metabo BS 18 LT bez aku* metaloc;5433
602102890;4007430236630;Aku vrtaèka Metabo BS 18 LT bez aku* vložka;Metabo BS 18 LT bez aku* vložka;5433
602103500;4007430213587;Aku pøíklepová vrtaèka Metabo SB 18 LT 4,0 Ah*;Metabo SB 18 LT 4,0 Ah*;10757
602103510;4007430231871;Aku pøíklepová vrtaèka Metabo SB 18 LT Compact 2x2,0Ah;Metabo SB 18 LT Compact 2x2,0Ah;8458
602103890;4007430236654;Aku pøíklepová vrtaèka Metabo SB 18 LT bez aku* vložka;Metabo SB 18 LT bez aku* vložka;6038
602104500;4007430229861;Aku vrtaèka Metabo BS 18 LT Quick 2x4,0 Ah;Metabo BS 18 LT Quick 2x4,0 Ah;10878
602104890;4007430236647;Aku vrtaèka Metabo BS 18 LT Quick bez aku* vložka;Metabo BS 18 LT Quick bez aku* vložka;6038
602105570;4007430264312;Aku vrtaèka Metabo BS 14.4 Li 2x2,0Ah /1-10mm/kufr*;Metabo BS 14.4 Li 2x2,0Ah /1-10mm/kufr*;5433
602106000;4007430203977;Stavební rádio Metabo RC 14.4 - 18*;Metabo RC 14.4 - 18*;5917
602111850;4007430236340;Aku svítilna Metabo BSA 14.4-18 LED *;Metabo BSA 14.4-18 LED *;5917
602113000;4007430209139;Stavební rádio Metabo PowerMaxx RC*;Metabo PowerMaxx RC*;3255
602115500;4007430146243;Satinaèní bruska Metabo SE 12-115+pøíslušenství;Metabo SE 12-115+pøíslušenství;21526
602116900;4007430267399;Aku vrtaèka Metabo BS 18 Li Set 2x2,0Ah*;Metabo BS 18 Li Set 2x2,0Ah*;7248
602117000;4007430216267;Aku pistole na kartuše Metabo PowerMaxx KPA 10.8 600 ml 1x2,0 Ah;Metabo PowerMaxx KPA 10.8 600 ml 1x2,0 Ah;9668
602117600;4007430220431;Aku pistole na kartuše Metabo PowerMaxx KPA 10.8 600 ml 1x4,0 Ah;Metabo PowerMaxx KPA 10.8 600 ml 1x4,0 Ah;10757
602117610;4007430229069;Aku pistole na kartuše Metabo PowerMaxx KPA 10.8 400 ml 1x4,0 Ah*;Metabo PowerMaxx KPA 10.8 400 ml 1x4,0 Ah*;9668
602117850;4007430213358;Aku pistole na kartuše Metabo PowerMaxx KPA 10.8 600 ml bez aku*;Metabo PowerMaxx KPA 10.8 600 ml bez aku*;6522
602132500;4007430195609;Elektronická pásová bruska na trubky Metabo RBE 12-180 Set;Metabo RBE 12-180 Set;28060
602132510;4007430195616;Elektronická pásová bruska na trubky Metabo RBE 12-180;Metabo RBE 12-180;25882
602133500;4007430195623;Elektronická bruska koutových svárù Metabo KNSE 12-150 Set;Metabo KNSE 12-150 Set;22615
602134500;4007430195647;Elektronický pásový pilník Metabo BFE 9-90 Set;Metabo BFE 9-90 Set;17291
602148890;4007430236913;Aku pøíklepová vrtaèka Metabo SB 18 LTX Impuls bez aku* vložka;Metabo SB 18 LTX Impuls bez aku* vložka;5917
602170890;4007430236937;Aku úhlová bruska Metabo W 18 LTX 115 bez aku* vložka;Metabo W 18 LTX 115 bez aku* vložka;6038
602174610;4007430216489;Aku úhlová bruska Metabo W 18 LTX 125 2x4,0 Ah;Metabo W 18 LTX 125 2x4,0 Ah;14024
602174650;4007430236661;Aku úhlová bruska Metabo W 18 LTX 125 2x5,2 Ah*;Metabo W 18 LTX 125 2x5,2 Ah*;15718
602175000;4007430138958;Úhlová leštièka Metabo PE 12-175;Metabo PE 12-175;9668
602175870;4007430227805;Úhlová leštièka Metabo PE 12-175 renovaèní set;Metabo PE 12-175 renovaèní set;11846
602175910;4007430141842;Úhlová leštièka Metabo PE 12-175 s pøíslušenstvím;Metabo PE 12-175 s pøíslušenstvím;10757
602177000;4007430201706;Aku nùžky na živý plot Metabo AHS 36 V;Metabo AHS 36 V;10757
602177860;4007430215208;Aku nùžky na živý plot Metabo AHS 36 V - 2x1,5 Ah ;Metabo AHS 36 V - 2x1,5 Ah ;12935
602183500;4007430221360;Pásová bruska na trubky Metabo RBE 9-60 Set;Metabo RBE 9-60 Set;25882
602190510;4007430261540;Aku pøíklepová vrtaèka Metabo SB 18 Li 2x2,0Ah /1-13mm/;Metabo SB 18 Li 2x2,0Ah /1-13mm/;7490
602191500;4007430238818;Aku vrtaèka Metabo BS 18 LTX Impuls 2x4,0 Ah;Metabo BS 18 LTX Impuls 2x4,0 Ah;12814
602191650;4007430238948;Aku vrtaèka Metabo BS 18 LTX Impuls 2x5,2Ah;Metabo BS 18 LTX Impuls 2x5,2Ah;13782
602191890;4007430238917;Aku vrtaèka Metabo BS 18 LTX Impuls bez aku*vložka;Metabo BS 18 LTX Impuls bez aku*vložka;6038
602192840;4007430286956;Aku pøíklepová vrtaèka Metabo SB 18 LTX Impuls bez aku*metaloc ;Metabo SB 18 LTX Impuls bez aku*metaloc ;6643
602193500;4007430238924;Aku vrtaèka Metabo BS 18 LTX Quick 2x4,0 Ah;Metabo BS 18 LTX Quick 2x4,0 Ah;15113
602193650;4007430238931;Aku vrtaèka Metabo BS 18 LTX Quick 2x5,2 Ah;Metabo BS 18 LTX Quick 2x5,2 Ah;16928
602193890;4007430238955;Aku vrtaèka Metabo BS 18 LTX Quick bez aku*;Metabo BS 18 LTX Quick bez aku*;6643
602194500;4007430213365;Aku vrtaèka Metabo BS 12 NiCd  Facelift*;Metabo BS 12 NiCd  Facelift*;3255
602195500;4007430213174;Aku rázový utahovák Metabo SSW 18 LTX 200 Set 4,0 Ah;Metabo SSW 18 LTX 200 Set 4,0 Ah;12935
602195850;4007430213242;Aku rázový utahovák Metabo SSW 18 LT bez aku*;Metabo SSW 18 LT bez aku*;6038
602195890;4007430236623;Aku rázový utahovák Metabo SSW 18 LTX 200 bez aku * vložka;Metabo SSW 18 LTX 200 bez aku * vložka;6038
602196500;4007430213259;Aku rázový utahovák Metabo SSD 18 LT 200 Set 2x4,0 Ah;Metabo SSD 18 LT 200 Set 2x4,0 Ah;12935
602196850;4007430213297;Aku rázový utahovák Metabo SSD 18 LTX bez aku*;Metabo SSD 18 LTX bez aku*;6038
602196890;4007430236685;Aku rázový utahovák Metabo SSD 18 LTX 200*bez aku;Metabo SSD 18 LTX 200*bez aku;6038
602197500;4007430238375;Aku vrtaèka Metabo BS 18 LTX BL Quick 2x4,0 Ah;Metabo BS 18 LTX BL Quick 2x4,0 Ah;15718
602197650;4007430240019;Aku vrtaèka Metabo BS 18 LTX BL Quick 2x5,2 Ah*;Metabo BS 18 LTX BL Quick 2x5,2 Ah*;16928
602197840;4007430287106;Aku vrtaèka Metabo BS 18 LTX BL Quick bez aku*metaloc ;Metabo BS 18 LTX BL Quick bez aku*metaloc ;7853
602198500;4007430242761;Aku rázový utahovák Metabo SSW 18 LTX 600 4,0Ah;Metabo SSW 18 LTX 600 4,0Ah;16928
602198650;4007430244109;Aku rázový utahovák Metabo SSW 18 LTX 600 5,2 Ah;Metabo SSW 18 LTX 600 5,2 Ah;18138
602198890;4007430244093;Aku rázový utahovák Metabo SSW 18 LTX 600 bez aku*;Metabo SSW 18 LTX 600 bez aku*;9668
602199500;4007430238436;Aku pøíklepová vrtaèka Metabo SB 18 LTX BL Quick 2x4,0 Ah;Metabo SB 18 LTX BL Quick 2x4,0 Ah;16202
602199650;4007430240033;Aku pøíklepová vrtaèka Metabo SB 18 LTX BL Quick 2x5,2 Ah ;Metabo SB 18 LTX BL Quick 2x5,2 Ah ;17775
602199890;4007430238443;Aku pøíklepová vrtaèka Metabo SB 18 LTX BL Quick bez aku* vložka;Metabo SB 18 LTX BL Quick bez aku* vložka;8458
602200500;4007430239112;Aku pøíklepová vrtaèka Metabo SB 18 LTX Quick 2x4,0 Ah;Metabo SB 18 LTX Quick 2x4,0 Ah;15113
602200650;4007430239105;Aku pøíklepová vrtaèka Metabo SB 18 LTX Quick 2x5,2 Ah;Metabo SB 18 LTX Quick 2x5,2 Ah;16202
602200890;4007430239075;Aku pøíklepová vrtaèka Metabo SB 18 LTX Quick bez aku* vložka;Metabo SB 18 LTX Quick bez aku* vložka;7248
602201500;4007430238962;Aku vrtaèka Metabo BS 18 LTX-X3 Quick 2x5,2 Ah ;Metabo BS 18 LTX-X3 Quick 2x5,2 Ah ;19953
602203000;4007430205889;Aku nùžky na živý plot Metabo AHS 36-65 V ;Metabo AHS 36-65 V ;15113
602204000;4007430246615;Rázový utahovák Metabo SSW 650;Metabo SSW 650;10878
602205500;4007430244277;Aku rázový utahovák Metabo SSW 18 LTX 400 BL 2x4,0Ah ;Metabo SSW 18 LTX 400 BL 2x4,0Ah ;14508
602205650;4007430246493;Aku rázový utahovák Metabo SSW 18 LTX 400 BL 2x5,2Ah;Metabo SSW 18 LTX 400 BL 2x5,2Ah;15718
602205890;4007430244284;Aku rázový utahovák Metabo SSW 18 LTX 400 BL bez aku*;Metabo SSW 18 LTX 400 BL bez aku*;8458
602207500;4007430274960;Aku vrtaèka NOVINKA Metabo BS 18 2x1,3 Ah 10 mm*;Metabo BS 18 2x1,3 Ah 10 mm*;4828
602217500;4007430274977;Aku vrtaèka Metabo BS 18 Quick 2x2,0Ah*10 mm ;Metabo BS 18 Quick 2x2,0Ah*10 mm ;6038
602217840;4007430286819;Aku vrtaèka Metabo BS 18 Quick bez aku metaloc*;Metabo BS 18 Quick bez aku metaloc*;4465
602233000;4007430241009;Pneuhustiè Metabo RF 60 ;Metabo RF 60 ;641
602234000;4007430241016;Pneuhustiè Metabo RF 60 G ;Metabo RF 60 G ;1016
602235000;4007430241023;Pneuhustiè Metabo RF 80 G ;Metabo RF 80 G ;2408
602236000;4007430241030;Pneuhustiè Metabo RF 80 D ;Metabo RF 80 D ;2892
602240890;4007430284006;Aku pøíklepová vrtaèka NOVINKA Metabo SB 18 LTX BL Impuls bez aku*vložka ;Metabo SB 18 LTX BL Impuls bez aku*vložka ;7853
602241890;4007430283771;Aku vrtaèka NOVINKA Metabo BS 18 LTX BL Impuls bez aku*vložka ;Metabo BS 18 LTX BL Impuls bez aku*vložka ;7248
602242850;4007430286901;Aku fukar Metabo AG 18 bez aku *;Metabo AG 18 bez aku *;3618
602264500;4007430214324;Aku meèová pila Metabo PowerMaxx ASE 2x1.5 Ah;Metabo PowerMaxx ASE 2x1.5 Ah;7490
602264890;4007430270900;Aku meèová pila Metabo PowerMaxx ASE bez aku*;Metabo PowerMaxx ASE bez aku*;4344
602268850;4007430189172;Aku okružní pila Metabo KSA 18 LTX bez aku*;Metabo KSA 18 LTX bez aku*;7248
602268870;4007430246806;Aku okružní pila Metabo KSA 18 LTX 2x5,2 Ah;Metabo KSA 18 LTX 2x5,2 Ah;16928
602269650;4007430246899;Aku pila ocaska Metabo ASE 18 LTX 2x5,2 Ah;Metabo ASE 18 LTX 2x5,2 Ah;16928
602269850;4007430187727;Aku pila ocaska Metabo ASE 18 LTX bez aku*;Metabo ASE 18 LTX bez aku*;6038
602298650;4007430246974;Aku pøímoèará pila Metabo STA 18 LTX 2x5,2 Ah;Metabo STA 18 LTX 2x5,2 Ah;16928
602298850;4007430199164;Aku pøímoèará pila Metabo STA 18 LTX bez aku*;Metabo STA 18 LTX bez aku*;6038
602335850;4007430186126;Pila na øezání kovù Metabo CS 23-355+kotouè ;Metabo CS 23-355+kotouè ;8458
602365000;4007430197542;Horkovzdušná pistole Metabo HE 23-650 Control krabice;Metabo HE 23-650 Control krabice;4344
602540000;4007430247360;Pokosová pila Metabo KGS 254 M s pojezdem*;Metabo KGS 254 M s pojezdem*;8458
603030000;4007430011008;Sponkovaèka Metabo Ta E 3030;Metabo Ta E 3030;8579
603822710;4007430246431;Renovaèní freza Metabo RS 17-125+kotouè ;Metabo RS 17-125+kotouè ;21405
603822720;4007430246417;Renovaèní freza Metabo RS 17-125+kotouè ;Metabo RS 17-125+kotouè ;21405
603823710;4007430244161;Renovaèní fréza a bruska Metabo RF 14-115 ;Metabo RF 14-115 ;19348
603824710;4007430246622;Renovaèní freza Metabo RS 14-125+kotouè ;Metabo RS 14-125+kotouè ;16928
603824720;4007430246639;Renovaèní freza Metabo RS 14-125+kotouè ;Metabo RS 14-125+kotouè ;16928
604111000;4007430221537;Drenážní èerpadlo Metabo DP 18-5 SA;Metabo DP 18-5 SA;15113
604112000;4007430221544;Drenážní èerpadlo Metabo DP 28-10 S Inox;Metabo DP 28-10 S Inox;26971
604113000;4007430221551;Staveništní èerpadlo Metabo SP 24-46 SG;Metabo SP 24-46 SG;19469
604114000;4007430221568;Staveništní èerpadlo Metabo SP 28-50 S Inox;Metabo SP 28-50 S Inox;23704
604115500;4007430227911;Vzduchové sekací kladivo Metabo DMH 30 Set ;Metabo DMH 30 Set ;2166
604116500;4007430228918;Vzduchová pøímá bruska Metabo DG 25 Set;Metabo DG 25 Set;2166
604117000;4007430229854;Vzduchový šroubovák Metabo DS 14;Metabo DS 14;3255
604118500;4007430228987;"Vzduchový rázový utahovák Metabo DSSW 360 Set 1/2""";"Metabo DSSW 360 Set 1/2""";2166
604119500;4007430228963;"Vzduchová rázová ráèna Metabo DRS 68 Set 1/2"" ";"Metabo DRS 68 Set 1/2"" ";2166
604120000;4007430228956;Vzduchová vrtaèka Metabo DB 10 ;Metabo DB 10 ;2166
605052000;4007430207234;Pásová pila Metabo BAS 505 Precision WNB;Metabo BAS 505 Precision WNB;53954
606101500;4007430163479;Pøíklepová vrtaèka Metabo SBE 610;Metabo SBE 610;4344
606153000;4007430203731;Vrtací kladivo Metabo BHE 2444 - plast kryt pøevodù*;Metabo BHE 2444 - plast kryt pøevodù*;3376
606154000;4007430203748;Kombinované kladivo Metabo KHE 2444 - plast kryt pøevodù*;Metabo KHE 2444 - plast kryt pøevodù*;3618
606157000;4007430240897;Kombinované kladivo Metabo KHE 2644*;Metabo KHE 2644*;4223
606163000;4007430284716;Laserový dálkomìr  Metabo LD 60;Metabo LD 60;3618
606164000;4007430284563;Bodový laser Metabo PL 5-30 ;Metabo PL 5-30 ;7853
606165000;4007430284570;Podlahový laser Metabo BLL 2-15 ;Metabo BLL 2-15 ;4223
606166000;4007430284587;Køížový laser  Metabo KLL 2-20;Metabo KLL 2-20;9305
606176850;4007430286918;Aku ventilátor Metabo AV 18 bez aku*;Metabo AV 18 bez aku*;3618
606421000;4007430199928;Úhlová bruska Metabo WX 2000-230*;Metabo WX 2000-230*;4344
606464000;4007430265340;Úhlová bruska Metabo WE 22-230 MVT*;Metabo WE 22-230 MVT*;4828
606469000;4007430268204;Úhlová bruska Metabo WE 24-230 MVT;Metabo WE 24-230 MVT;6038
606470000;4007430265302;Úhlová bruska Metabo WE 24-230 MVT Quick ;Metabo WE 24-230 MVT Quick ;7248
606472000;4007430268259;Úhlová bruska Metabo WEA 24-230 MVT Quick ;Metabo WEA 24-230 MVT Quick ;7248
606475000;4007430268334;Úhlová bruska Metabo WE 26-230 MVT Quick ;Metabo WE 26-230 MVT Quick ;8458
606476000;;Úhlová bruska Metabo WEA 26-230 MVT Quick ;Metabo WEA 26-230 MVT Quick ;9063
606870000;4007430015327;Nùžky na plech Metabo Ku 6870;Metabo Ku 6870;17291
606872000;4007430015440;Nùžky na plech Metabo Ku 6872;Metabo Ku 6872;12935
606875000;4007430015549;Vysekávaè Metabo Kn 6875;Metabo Kn 6875;18380
608745000;4007430180759;Nùžky na živý plot Metabo HS 8745 ;Metabo HS 8745 ;4828
608755000;4007430180773;Nùžky na živý plot Metabo HS 8755 ;Metabo HS 8755 ;5433
608765000;4007430180803;Nùžky na živý plot Metabo HS 8765 ;Metabo HS 8765 ;5917
608855000;4007430180834;Nùžky na živý plot Metabo HS 8855 ;Metabo HS 8855 ;7490
608865000;4007430180872;Nùžky na živý plot Metabo HS 8865 ;Metabo HS 8865 ;8095
608875000;4007430180896;Nùžky na živý plot Metabo HS 8875 ;Metabo HS 8875 ;8458
609225500;4007430151384;Excentrická bruska Metabo FSX 200 Intec;Metabo FSX 200 Intec;2166
611350000;4007430214218;Vibraèní bruska Metabo SRE 4350 TurboTec ;Metabo SRE 4350 TurboTec ;6522
611351000;4007430214232;Vibraèní bruska Metabo SRE 4351 TurboTec;Metabo SRE 4351 TurboTec;7248
611351700;4007430214249;Vibraèní bruska Metabo SRE 4351 TurboTec MetaLoc;Metabo SRE 4351 TurboTec MetaLoc;8579
611750000;4007430193230;Dvoukotouèová bruska Metabo TNS 175;Metabo TNS 175;7248
613021510;4007430277534;Multitool Metabo MT 18 LTX Compact 2x2,0Ah ;Metabo MT 18 LTX Compact 2x2,0Ah ;9547
613021650;4007430277541;Multitool Metabo MT 18 LTX Compact 2x5,2Ah;Metabo MT 18 LTX Compact 2x5,2Ah;14024
613021710;4007430279125;Multitool Metabo MT 18 LTX Compact 2x2,0Ah metaloc ;Metabo MT 18 LTX Compact 2x2,0Ah metaloc ;10636
613021840;4007430287700;Multitool Metabo MT 18 LTX 18 bez aku*metaloc;Metabo MT 18 LTX 18 bez aku*metaloc;6038
613060000;4007430230478;Úhlová bruska Metabo WEF 9-125;Metabo WEF 9-125;7006
614044000;4007430280138;Míchadlo Metabo RWE 1020 ;Metabo RWE 1020 ;5433
614045000;4007430280145;Míchadlo Metabo RWEV 1200 ;Metabo RWEV 1200 ;6401
614046000;4007430280152;Míchadlo Metabo RWEV 1200-2 ;Metabo RWEV 1200-2 ;10515
614047000;4007430280169;Míchadlo Metabo RWEV 1600-2 ;Metabo RWEV 1600-2 ;13298
618121000;4007430087805;Lepící pistole Metabo K E 3000;Metabo K E 3000;2166
619000650;4007430272683;Aku pokosová pila Metabo KS 18 LTX 216 2x5,2Ah ;Metabo KS 18 LTX 216 2x5,2Ah ;18138
619000850;4007430256621;Aku pokosová pila Metabo KS 18 LTX 216 bez aku*;Metabo KS 18 LTX 216 bez aku*;9668
619001650;4007430272690;Aku pokosová pila Metabo KGS 18 LTX 216 2x5,2Ah ;Metabo KGS 18 LTX 216 2x5,2Ah ;20558
619001850;4007430256638;Aku pokosová pila Metabo KGS 18 LTX 216 bez aku*;Metabo KGS 18 LTX 216 bez aku*;12088
619125000;4007430193292;Dvoukotouèová bruska Metabo DS 125*;Metabo DS 125*;3255
619150000;4007430193285;Dvoukotouèová bruska Metabo DS 150;Metabo DS 150;4344
619175000;4007430193278;Dvoukotouèová bruska Metabo DS 175;Metabo DS 175;5433
619200000;4007430193261;Dvoukotouèová bruska Metabo DS 200*;Metabo DS 200*;7248
619201000;4007430193254;Dvoukotouèová bruska Metabo DSD 200;Metabo DSD 200;9668
619216000;4007430256539;Pokosová pila Metabo KS 216 M Lasercut;Metabo KS 216 M Lasercut;4344
619250000;4007430193223;Dvoukotouèová bruska Metabo DSD 250;Metabo DSD 250;13782
619260000;4007430256560;Pokosová pila Metabo KGS 216 M s pojezdem*;Metabo KGS 216 M s pojezdem*;6038
619261000;4007430256607;Pokosová pila Metabo KGSV 216 M ;Metabo KGSV 216 M ;8458
619305000;4007430256515;Pokosová pila Metabo KGS 305 M s pojezdem ;Metabo KGS 305 M s pojezdem ;14508
620001000;4007430096456;Šroubovák Metabo DWSE 6,3;Metabo DWSE 6,3;9668
620002000;4007430095923;Šroubovák Metabo USE 8;Metabo USE 8;9668
620016000;4007430150387;Nùžky na živý plot Metabo HS 45*;Metabo HS 45*;3618
620017000;4007430150394;Nùžky na živý plot Metabo HS 55*;Metabo HS 55*;4102
620044000;4007430262059;Šroubovák Metabo SE 2500 ;Metabo SE 2500 ;5917
620045000;4007430262097;Šroubovák Metabo SE 4000  ;Metabo SE 4000  ;5917
620045500;4007430263605;Šroubovák Metabo SE 4000 kufr+SM 5-55 ;Metabo SE 4000 kufr+SM 5-55 ;8095
620046000;4007430262110;Šroubovák Metabo SE 6000 ;Metabo SE 6000 ;5917
620046500;4007430263636;Šroubovák Metabo SE 6000 +SM 5-55 ;Metabo SE 6000 +SM 5-55 ;8095
620047500;4007430262752;Aku šroubovák Metabo SE 18 LTX 2500 2x2,0Ah ;Metabo SE 18 LTX 2500 2x2,0Ah ;10515
620047890;4007430262776;Aku šroubovák Metabo SE 18 LTX 2500 bez aku*;Metabo SE 18 LTX 2500 bez aku*;6038
620048500;4007430262790;Aku šroubovák Metabo SE 18 LTX 4000 2x2,0Ah;Metabo SE 18 LTX 4000 2x2,0Ah;9668
620048510;4007430262806;Aku Šroubovák Metabo SE 18 LTX 4000+SM 5-55 ;Metabo SE 18 LTX 4000+SM 5-55 ;12693
620048890;4007430262820;Aku šroubovák Metabo SE 18 LTX 4000 bez aku*;Metabo SE 18 LTX 4000 bez aku*;6038
620049500;4007430262844;Aku šroubovák Metabo SE 18 LTX 6000 2x2,0Ah ;Metabo SE 18 LTX 6000 2x2,0Ah ;9668
620049890;4007430262868;Aku šroubovák Metabo SE 18 LTX 6000 bez aku*;Metabo SE 18 LTX 6000 bez aku*;6038
657009000;4007430272881;Vyhøívaná bunda vel.M Metabo HJA 14.4-18* s adaptérem;Metabo HJA 14.4-18* s adaptérem;5554
657010000;4007430272898;Vyhøívaná bunda vel.L Metabo HJA 14.4-18* s adaptérem;Metabo HJA 14.4-18* s adaptérem;5554
657011000;4007430273604;Vyhøívaná bunda vel.XL Metabo HJA 14.4-18* s adaptérem;Metabo HJA 14.4-18* s adaptérem;5554
657012000;4007430273611;Vyhøívaná bunda vel.XXL Metabo HJA 14.4-18* s adaptérem;Metabo HJA 14.4-18* s adaptérem;5554
657014000;4007430277596;Vyhøívaná bunda vel.S Metabo HJA 14.4-18*s adapterem;Metabo HJA 14.4-18*s adapterem;5554
685032000;4007430231963;Combo Set 2.1.3 18 V - Metaloc III Metabo SB 18 LT+SSD ;Metabo SB 18 LT+SSD ;14508
685038000;4007430232038;Combo Set 2.4.1 18 V - Metaloc III Metabo BS 18 LT+W18 ;Metabo BS 18 LT+W18 ;14508
685049000;4007430236852;Basic-Set 4.0 Ah Metabo 3x4,0 Ah, ASC 30-36*;Metabo 3x4,0 Ah, ASC 30-36*;9668
685050000;4007430244116;Basic-Set 4.0 Ah Metabo 2x4,0 Ah, ASC 30-36*;Metabo 2x4,0 Ah, ASC 30-36*;7248
685051000;4007430244123;Basic-Set 5.2 Ah Metabo 2x5,2 Ah, ASC 30-36*;Metabo 2x5,2 Ah, ASC 30-36*;8458
685053000;4007430246455;Combo Set 2.1 10.8 V Quick Pro  Metabo PowerMaxx BS + SSD ;Metabo PowerMaxx BS + SSD ;10878
685061000;4007430248985;Basic-Set 5.2 Ah ASC ULTRA  Metabo 3x5,2 Ah, ASC Ultra* s vložkou;Metabo 3x5,2 Ah, ASC Ultra* s vložkou;12088
685062000;4007430268839;Basic-Set 5.2 Ah ASC 30-36 Metabo 3x5,2 Ah, ASC 30-36*metaloc;Metabo 3x5,2 Ah, ASC 30-36*metaloc;10878
685066000;4007430270696;Basic-Set 10.8 V Metabo 2 x 2.0 Ah*;Metabo 2 x 2.0 Ah*;2408
685067000;4007430270832;Basic-Set 10.8 V  Metabo 1x2.0 Ah 1x5.2 Ah*;Metabo 1x2.0 Ah 1x5.2 Ah*;3860
685073000;4007430260031;Combo Set Metabo WX2200-230+W820-125*;Metabo WX2200-230+W820-125*;6038
690839000;4007430276964;Vyhøívaná bunda vel.M Metabo Set HJA 14.4-18(M)+18V 2,0Ah + ASC;Metabo Set HJA 14.4-18(M)+18V 2,0Ah + ASC;7974
690840000;4007430276971;Vyhøívaná bunda vel.L Metabo Set HJA 14.4-18(L)+18V 2,0Ah + ASC;Metabo Set HJA 14.4-18(L)+18V 2,0Ah + ASC;7974
690841000;4007430276988;Vyhøívaná bunda vel.XL Metabo Set HJA 14.4-18(XL)+18V 2,0Ah + ASC;Metabo Set HJA 14.4-18(XL)+18V 2,0Ah + ASC;7974
690842000;4007430276995;Vyhøívaná bunda vel.XXL Metabo Set HJA 14.4-18(XXL)+18V 2,0Ah+ASC ;Metabo Set HJA 14.4-18(XXL)+18V 2,0Ah+ASC ;7974
