0090025100;4003665447544;Metabo BAS 260 Swift;Pásová pila Metabo BAS 260 Swift;9668
0090317000;4003665433783;Metabo BAS 317 Precision W;Pásová pila Metabo BAS 317 Precision W;21526
0090317100;4003665434384;Metabo BAS 317 Precision D;Pásová pila Metabo BAS 317 Precision D;21526
0102160200;4003665505763;Metabo KGS 216 Plus;Pokosová pila Metabo KGS 216 Plus;12088
0102160300;4007430204592;Metabo KS 216 M Lasercut;Pokosová pila Metabo KS 216 M Lasercut;4344
0102540100;4003665505572;Metabo KS 254 Plus;Pokosová pila Metabo KS 254 Plus;12935
0102540200;4003665505619;Metabo KGS 254 I Plus;Pokosová pila Metabo KGS 254 I Plus;27092
0102540300;4003665505640;Metabo KGS 254 Plus;Pokosová pila Metabo KGS 254 Plus;25882
0102900000;4003665453767;Metabo UK 290;Pila se spodním tahem Metabo UK 290;35078
0103050100;4003665505701;Metabo KS 305 Plus;Pokosová pila Metabo KS 305 Plus;17291
0103150000;4003665505671;Metabo KGS 315 Plus;Pokosová pila Metabo KGS 315 Plus;32416
0103152000;4003665397535;Metabo TKHS 315 C 2,0 WNB;Stolní kotouèová pila Metabo TKHS 315 C 2,0 WNB;8458
0103152100;4003665404417;Metabo TKHS 315 C 2,8 DNB;Stolní kotouèová pila Metabo TKHS 315 C 2,8 DNB;10878
0103153100;4003665403403;Metabo TKHS 315 M - komplet 3,1 WNB;Stolní kotouèová pila Metabo TKHS 315 M - komplet 3,1 WNB;20558
0103153300;4003665403427;Metabo TKHS 315 M - komplet 4,2 DNB;Stolní kotouèová pila Metabo TKHS 315 M - komplet 4,2 DNB;21526
0103300000;4003665415017;Metabo KGT 300;Kapovací,pokosová a stolní kotouèová pil Metabo KGT 300;25882
0103330000;4003665411583;Metabo UK 333;Kotouèová pila se spodním tahem Metabo UK 333;43185
0114026000;4003665431277;Metabo HC 260 C 2,2 WNB;Hoblovka s protahem Metabo HC 260 C 2,2 WNB;30238
0114026100;4003665436265;Metabo HC 260 C 2,8 DNB;Hoblovka s protahem Metabo HC 260 C 2,8 DNB;30238
0130170100;4003665398358;Metabo SPA 1702 W;Odsávací zaøízení Metabo SPA 1702 W;17291
0200033000;4003665424477;Metabo DH 330;Mobiliní hoblovka Metabo DH 330;21526
0230023204;4003665359595;Metabo Power 150;Kompresor Metabo Power 150;12935
0230140000;4003665510781;Metabo PowerAir V 400;Kompresor Metabo PowerAir V 400;24793
0230146000;4007430242617;Metabo Mega 590/90 D;Kompresor Metabo Mega 590/90 D;36288
0250330100;4003665420127;Metabo HWA 3300 S;Automatické domácí èerpadlo Metabo HWA 3300 S;7006
0250400055;4003665425337;Metabo TBP 4000 M;Hlubinné èerpadlo Metabo TBP 4000 M;10757
0250500050;4003665425948;Metabo TBP 5000 M;Hlubinné èerpadlo Metabo TBP 5000 M;12935
0250550006;4003665367484;Metabo P 5500 M;Zahradní èerpadlo Metabo P 5500 M;8579
0250550014;4003665367538;Metabo HWW 5500/20 M;Domácí vodárna Metabo HWW 5500/20 M;9668
0250550022;4003665367545;Metabo HWW 5500/50 M;Domácí vodárna Metabo HWW 5500/50 M;15113
0250550030;4003665367583;Metabo HWA 5500 M;Automatické domácí èerpadlo Metabo HWA 5500 M;11967
0250660000;4003665502236;Metabo TP 6600;Ponorné èerpadlo Metabo TP 6600;2408
0250660006;4003665502243;Metabo TPF 6600 SN;Ponorné èerpadlo s plochým sáním Metabo TPF 6600 SN;4344
0250750000;4003665502274;Metabo PS 7500 S;Ponorné èerpadlo zneèištìných vod Metabo PS 7500 S;2771
0250750013;4003665401546;Metabo TP 7500 SI;Ponorné èerpadlo s plochým sáním Metabo TP 7500 SI;5433
0250750100;4003665502281;Metabo TDP 7501 S;Ponorné èerpadlo Metabo TDP 7501 S;8458
0250800000;4003665502250;Metabo TP 8000 S;Ponorné èerpadlo Metabo TP 8000 S;2650
0250800002;4003665502267;Metabo TPF 7000 S;Ponorné èerpadlo s plochým sáním Metabo TPF 7000 S;4344
0251200009;4003665401553;Metabo TP 12000 SI;Ponorné èerpadlo s plochým sáním Metabo TP 12000 SI;6522
0251300000;4003665502298;Metabo TP 13000 S;Ponorné èerpadlo Metabo TP 13000 S;4707
0251400000;4003665502328;Metabo TPS 14000 S Combi;Ponorné èerpadlo kombinované Metabo TPS 14000 S Combi;5433
0251500000;4003665502304;Metabo PS 15000 S;Ponorné èerpadlo zneèištìných vod Metabo PS 15000 S;5433
0251600000;4003665502335;Metabo TPS 16000 S Combi;Ponorné èerpadlo kombinované Metabo TPS 16000 S Combi;6401
0251800000;4003665502311;Metabo PS 18000 SN;Ponorné èerpadlo zneèištìných vod Metabo PS 18000 SN;8579
600036000;4007430201386;Metabo PowerMaxx LED;Aku svítilna Metabo PowerMaxx LED;1077
600065500;4007430151704;Metabo FMS 200 Intec;Multifunkèní vibraèní bruska Metabo FMS 200 Intec;2166
600066500;4007430153128;Metabo FSR 200 Intec;Vibraèní bruska Metabo FSR 200 Intec;2166
600080500;4007430244239;Metabo PowerMaxx BS Basic 2014 2x2,0Ah;Aku šroubovák Metabo PowerMaxx BS Basic 2014 2x2,0Ah;4344
600093500;4007430200068;Metabo PowerMaxx SSD 1,5 Ah;Aku rázový utahovák Metabo PowerMaxx SSD 1,5 Ah;6522
600093850;4007430210258;Metabo PowerMaxx SSD 10.8V bez aku;Aku rázový utahovák Metabo PowerMaxx SSD 10.8V bez aku;3255
600129000;4007430164339;Metabo SXE 450 TurboTec;Excentrická bruska Metabo SXE 450 TurboTec;6643
600131000;4007430164315;Metabo SXE 425 TurboTec 125 mm;Excentrická bruska Metabo SXE 425 TurboTec 125 mm;5433
600132810;4007430203380;Metabo BE 6 (rychloup. sklíè);Bezpøíklepová vrtaèka Metabo BE 6 (rychloup. sklíè);1924
600133810;4007430203397;Metabo BE 10 (rychloup. sklíè);Bezpøíklepová vrtaèka Metabo BE 10 (rychloup. sklíè);1924
600154850;4007430206817;Metabo S 18 LTX 115 bez aku;Aku satinaèní bruska Metabo S 18 LTX 115 bez aku;14508
600156500;4007430244260;Metabo PowerMaxx BS Quick Basic 14 2x2,0Ah;Aku šroubovák Metabo PowerMaxx BS Quick Basic 14 2x2,0Ah;5312
600157500;4007430244338;Metabo PowerMaxx BS Quick Pro 14 1x/4Ah;Aku šroubovák Metabo PowerMaxx BS Quick Pro 14 1x/4Ah;6643
600166000;4007430214379;Metabo WEPBA 14-125 QuickProtect;Úhlová bruska Metabo WEPBA 14-125 QuickProtect;7490
600170000;4007430210029;Metabo WX 17-150;Úhlová bruska Metabo WX 17-150;6522
600174850;4007430206749;Metabo W 18 LTX 125 Inox bez aku;Aku úhlová bruska Metabo W 18 LTX 125 Inox bez aku;7248
600179000;4007430210036;Metabo WX 17-180;Úhlová bruska Metabo WX 17-180;7248
600191850;4007430206770;Metabo KNS 18 LTX 150 bez aku;Aku koutová bruska Metabo KNS 18 LTX 150 bez aku;18138
600192850;4007430214171;Metabo RB 18 LTX 60 bez aku;Aku pásová bruska na trubky Metabo RB 18 LTX 60 bez aku;16928
600203850;4007430192301;Metabo BHA 18 LTX bez aku;Aku vrtací kladivo Metabo BHA 18 LTX bez aku;7127
600203890;4007430236975;Metabo BHA 18 LT/LTX bez akuvložka;Aku vrtací kladivo Metabo BHA 18 LT/LTX bez akuvložka;7248
600206500;4007430196309;Metabo BHA 36 LTX Compact;Aku vrtací kladivo Metabo BHA 36 LTX Compact;18380
600210650;4007430261571;Metabo KHA 18 LTX 2x5,2AH;Aku kombinované kladivo Metabo KHA 18 LTX 2x5,2AH;18138
600210890;4007430261595;Metabo KHA 18 LTX bez aku;Aku kombinované kladivo Metabo KHA 18 LTX bez aku;7853
600228650;4007430236678;Metabo BHA 18 LTX 2x5,2 Ah;Aku vrtací kladivo Metabo BHA 18 LTX 2x5,2 Ah;19469
600311500;4007430057334;Metabo DSE 300 Intec;Trojúhelníková bruska Metabo DSE 300 Intec;4344
600317500;4007430151360;Metabo DSE 280 I;Trojúhelníková bruska Metabo DSE 280 I;3497
600321850;4007430207005;Metabo BF 18 LTX 90 bez aku;Aku pásový pilník Metabo BF 18 LTX 90 bez aku;10394
600325500;4007430151377;Metabo SXE 325 Intec 125 mm;Excentrická bruska Metabo SXE 325 Intec 125 mm;3497
600334500;4007430207098;Metabo MAG 28 LTX 32;Aku magnetická vrtaèka Metabo MAG 28 LTX 32;59278
600340000;4007430167095;Metabo KHE 56;Kombinované kladivo Metabo KHE 56;24188
600341000;4007430179777;Metabo KHE 76;Kombinované kladivo Metabo KHE 76;26608
600346000;4007430242402;Metabo WQ 1400;Úhlová bruska Metabo WQ 1400;4223
600354000;4007430244529;Metabo W 9-115;Úhlová bruska Metabo W 9-115;2771
600365000;4007430206862;Metabo MFE 65;Fréza na zdivo Metabo MFE 65;36288
600366000;4007430167064;Metabo MHE 56;Bourací kladivo Metabo MHE 56;21768
600367000;4007430242723;Metabo PowerMaxx ULA LED;Aku svítilna Metabo PowerMaxx ULA LED;1440
600368000;4007430242730;Metabo ULA 14.4-18 LED;Aku svítilna Metabo ULA 14.4-18 LED;1682
600369000;4007430242747;Metabo PowerMaxx SLA LED;Aku svítilna Metabo PowerMaxx SLA LED;1682
600370000;4007430242754;Metabo SLA 14.4-18 LED;Aku svítilna Metabo SLA 14.4-18 LED;2045
600371000;4007430244727;Metabo W 9-115 Quick ;Úhlová bruska Metabo W 9-115 Quick ;3013
600374000;4007430240989;Metabo W 9-125 QUICK krabice;Úhlová bruska Metabo W 9-125 QUICK krabice;3255
600375000;4007430185655;Metabo Ba E 75;Pásová bruska Metabo Ba E 75;8579
600376000;4007430244611;Metabo W 9-125;Úhlová bruska Metabo W 9-125;2771
600380000;4007430244871;Metabo WP 9-115 Quick;Úhlová bruska Metabo WP 9-115 Quick;3134
600384000;4007430244949;Metabo WP 9-125 Quick ;Úhlová bruska Metabo WP 9-125 Quick ;3134
600388000;4007430240996;Metabo WEV 10-125 Quick krabice;Úhlová bruska Metabo WEV 10-125 Quick krabice;3860
600396000;4007430167071;Metabo MHE 96;Bourací kladivo Metabo MHE 96;27818
600397000;4007430241207;Metabo WX 2200-230;Úhlová bruska Metabo WX 2200-230;4828
600398000;4007430243744;Metabo W 12-125 Quick krabice;Úhlová bruska Metabo W 12-125 Quick krabice;4344
600404650;4007430241634;Metabo W 18 LTX 150 2x5,2 Ah;Aku úhlová bruska Metabo W 18 LTX 150 2x5,2 Ah;15113
600404890;4007430241641;Metabo W 18 LTX 150 bez aku vložka;Aku úhlová bruska Metabo W 18 LTX 150 bez aku vložka;7248
600405000;4007430045935;Metabo SXE 400 80mm;Excentrická bruska Metabo SXE 400 80mm;4344
600407000;4007430245212;Metabo W 12-150 Quick;Úhlová bruska Metabo W 12-150 Quick;4707
600408500;4007430269447;Metabo W 12-125 HD Set CED;Úhlová bruska Metabo W 12-125 HD Set CED;11483
600408510;4007430269102;Metabo W 12-125 HD Set CED Plus;Úhlová bruska Metabo W 12-125 HD Set CED Plus;13298
600414000;4007430245281;Metabo WP 12-125 Quick;Úhlová bruska Metabo WP 12-125 Quick;4102
600422000;4007430245335;Metabo WA 12-125 Quick;Úhlová bruska Metabo WA 12-125 Quick;4707
600436000;4007430245434;Metabo WBA 12-125 Quick;Úhlová bruska Metabo WBA 12-125 Quick;4828
600448000;4007430245496;Metabo WE 15-125 Quick;Úhlová bruska Metabo WE 15-125 Quick;4828
600463850;4007430243058;Metabo AHS 18-55 Vbez aku;Aku nùžky Metabo AHS 18-55 Vbez aku;7248
600464000;4007430245526;Metabo WE 15-150 Quick;Úhlová bruska Metabo WE 15-150 Quick;4828
600465500;4007430269072;Metabo WE 15-125 HD Set GED;Úhlová bruska Metabo WE 15-125 HD Set GED;13298
600468000;4007430243751;Metabo WEV 15-125 Quick;Úhlová bruska Metabo WEV 15-125 Quick;5191
600472000;4007430245601;Metabo WEV 15-150 Quick;Úhlová bruska Metabo WEV 15-150 Quick;5675
600476000;4007430245618;Metabo WEP 15-125 Quick;Úhlová bruska Metabo WEP 15-125 Quick;5191
600492000;4007430246134;Metabo WEA 15-125 Quick;Úhlová bruska Metabo WEA 15-125 Quick;5433
600496000;4007430246158;Metabo WEVA 15-125 Quick;Úhlová bruska Metabo WEVA 15-125 Quick;5675
600506000;4007430246172;Metabo WEVA 15-150 Quick;Úhlová bruska Metabo WEVA 15-150 Quick;6038
600512000;4007430083005;Metabo WBE 700;Elektronická úhlová vrtaèka Metabo WBE 700;10757
600514000;4007430246196;Metabo WEBA 17-125 Quick;Úhlová bruska Metabo WEBA 17-125 Quick;6885
600534000;4007430246073;Metabo WEA 17-125 Quick;Úhlová bruska Metabo WEA 17-125 Quick;6401
600542000;4007430112972;Metabo KS 66;Okružní pila Metabo KS 66;8579
600544000;4007430172297;Metabo KS 66 Plus;Okružní pila Metabo KS 66 Plus;9668
600545000;4007430172280;Metabo KSE 68 Plus;Okružní pila Metabo KSE 68 Plus;10757
600548000;4007430245939;Metabo WEPBA 17-125 Quick ;Úhlová bruska Metabo WEPBA 17-125 Quick ;6764
600552000;4007430245908;Metabo WEPBA 17-150 Quick;Úhlová bruska Metabo WEPBA 17-150 Quick;6885
600554000;4007430150554;Metabo BE 4006;Bezpøíklepová vrtaèka Metabo BE 4006;5433
600555000;4007430150523;Metabo BE 4010;Bezpøíklepová vrtaèka Metabo BE 4010;5433
600562000;4007430245854;Metabo WEV 15-125 Quick HT;Úhlová bruska Metabo WEV 15-125 Quick HT;5917
600572000;4007430245373;Metabo WEV 15-125 Quick Inox ;Úhlová bruska Metabo WEV 15-125 Quick Inox ;6401
600572500;4007430245465;Metabo WEV 15-125 Quick Inox Set;Úhlová bruska Metabo WEV 15-125 Quick Inox Set;9668
600580000;4007430201737;Metabo BE 75-16;Bezpøíklepová vrtaèka Metabo BE 75-16;8458
600581000;4007430199041;Metabo BE 751;Bezpøíklepová vrtaèka Metabo BE 751;6522
600582000;4007430199058;Metabo BE 1100 ozub.sklíèidlo;Bezpøíklepová vrtaèka Metabo BE 1100 ozub.sklíèidlo;10757
600585700;4007430220967;Metabo BE 75 Quick MetaLoc;Bezpøíklepová vrtaèka Metabo BE 75 Quick MetaLoc;12935
600585800;4007430220950;Metabo BE 75 Quick+X3 MetaLoc;Bezpøíklepová vrtaèka Metabo BE 75 Quick+X3 MetaLoc;16202
600593700;4007430220936;Metabo BE 1300 Quick MetaLoc;Bezpøíklepová vrtaèka Metabo BE 1300 Quick MetaLoc;14024
600593800;4007430220943;Metabo BE 1300 Quick+X3 MetaLoc;Bezpøíklepová vrtaèka Metabo BE 1300 Quick+X3 MetaLoc;18380
600596000;4007430167088;Metabo KHE 96;Kombinované kladivo Metabo KHE 96;29028
600601850;4007430237231;Metabo SBE 601 krabice, rychl.sk.;Pøíklepová vrtaèka Metabo SBE 601 krabice, rychl.sk.;2529
600607000;4007430042125;Metabo SBE 600 I;Pøíklepová vrtaèka Metabo SBE 600 I;3255
600615000;4007430212313;Metabo GE 710 Compact;Pøímá bruska Metabo GE 710 Compact;6522
600616000;4007430212351;Metabo GE 710 Plus;Pøímá bruska Metabo GE 710 Plus;8458
600618000;4007430212412;Metabo GE 950 G Plus;Pøímá bruska Metabo GE 950 G Plus;9668
600635500;4007430238207;Metabo MAG 32;Magnetická vrtaèka Metabo MAG 32;37498
600636500;4007430238214;Metabo MAG 50;Magnetická vrtaèka Metabo MAG 50;48388
600637000;4007430213006;Metabo KHE 3250;Kombinované kladivo Metabo KHE 3250;10757
600638650;4007430247155;Metabo GA 18 LTX 2x5,2 Ah;Aku pøímá bruska Metabo GA 18 LTX 2x5,2 Ah;16928
600638890;4007430236890;Metabo GA 18 LTX bez akuvložka;Aku pøímá bruska Metabo GA 18 LTX bez akuvložka;7248
600639650;4007430247223;Metabo GA 18 LTX  G 2x5,2 Ah;Aku pøímá brusa Metabo GA 18 LTX  G 2x5,2 Ah;19348
600639850;4007430227577;Metabo GA 18 LTX G bez aku;Aku pøímá bruska Metabo GA 18 LTX G bez aku;10394
600657000;4007430201133;Metabo KHE 2851 + sklíèidlo;Kombinované kladivo Metabo KHE 2851 + sklíèidlo;8458
600658800;4007430215987;Metabo KHE 2650 + sklíèidlo;Kombinované kladivo Metabo KHE 2650 + sklíèidlo;5433
600659000;4007430208705;Metabo KHE 3251;Kombinované kladivo Metabo KHE 3251;12088
600667000;4007430246851;Metabo TS 216 s podstavcem;Stolní pila Metabo TS 216 s podstavcem;22978
600668000;4007430214188;Metabo TS 254;Stolní pila Metabo TS 254;27818
600676000;4007430246943;Metabo TS 216 bez podstavce;Stolní pila Metabo TS 216 bez podstavce;19348
600680000;4007430213891;Metabo WE 1450-125 RT;Úhlová bruska Metabo WE 1450-125 RT;5917
600683000;4007430214102;Metabo WE 1450-150 RT;Úhlová bruska Metabo WE 1450-150 RT;5917
600712000;4007430226969;Metabo UHE 2850;Multifunkèní kladivo Metabo UHE 2850;9184
600724000;4007430084026;Metabo Lf 724;Fréza na laky Metabo Lf 724;10757
600737000;4007430088116;Metabo FME 737;Elektronický frézovací motor Metabo FME 737;7006
600738000;4007430088109;Metabo Of E 738;Horní fréza Metabo Of E 738;8579
600795500;4007430213303;Metabo KHA 36 LTX 2x4,0 Ah;Akumulátorové kombinované kladivo Metabo KHA 36 LTX 2x4,0 Ah;24793
600806000;4007430098207;Metabo BDE 1100 R+L;Dvourychlostní vrtaèka Metabo BDE 1100 R+L;16202
600841850;4007430214706;Metabo SBE 760 rychloup.sk., kufr;Pøíklepová vrtaèka Metabo SBE 760 rychloup.sk., kufr;3497
600842900;4007430232410;Metabo SBE 850 bez aretace vøetene;Pøíklepová vrtaèka Metabo SBE 850 bez aretace vøetene;3618
600843500;4007430212535;Metabo SBE 1300;Pøíklepová vrtaèka Metabo SBE 1300;7490
600854000;4007430196378;Metabo UHE 2250;Multifunkèní kladivo Metabo UHE 2250;6038
600862500;4007430193841;Metabo SBE 710 Futuro TOP;Pøíklepová vrtaèka Metabo SBE 710 Futuro TOP;3739
600865500;4007430193872;Metabo SBE 900 Impuls;Pøíklepová vrtaèka Metabo SBE 900 Impuls;6522
600867500;4007430193919;Metabo SBE 1100 Plus;Pøíklepová vrtaèka Metabo SBE 1100 Plus;7006
600882540;4007430025982;Metabo Ho 0882+stojan;Hoblík Metabo Ho 0882+stojan;8458
600955000;4007430230430;Metabo KS 55 FS;Okružní pila Metabo KS 55 FS;4828
600962000;4007430240750;Metabo P 2000 G;Zahradní èerpadlo Metabo P 2000 G;2045
600963000;4007430240590;Metabo P 3300 G;Zahradní èerpadlo Metabo P 3300 G;2287
600964000;4007430240767;Metabo P 4000 G;Zahradní èerpadlo Metabo P 4000 G;2771
600965000;4007430240736;Metabo P 4500 Inox;Zahradní èerpadlo Metabo P 4500 Inox;4102
600966000;4007430240538;Metabo P 6000 Inox;Zahradní pumpa Metabo P 6000 Inox;6522
600967000;4007430240521;Metabo P 9000 G;Zahradní èerpadlo Metabo P 9000 G;8216
600968000;4007430239587;Metabo HWW 3300/25 G;Domácí vodárna Metabo HWW 3300/25 G;4102
600969000;4007430239556;Metabo HWW 3500/25 Inox;Domácí vodárna Metabo HWW 3500/25 Inox;4586
600970000;4007430239525;Metabo HWWI 3500/25 Inox ;Domácí vodárna Metabo HWWI 3500/25 Inox ;5554
600971000;4007430239518;Metabo HWW 4000/25 G;Domácí vodárna Metabo HWW 4000/25 G;4586
600972000;4007430239501;Metabo HWW 4500/25 Inox;Domácí vodárna Metabo HWW 4500/25 Inox;5312
600973000;4007430239495;Metabo HWW 4500/25 Inox Plus;Domácí vodárna Metabo HWW 4500/25 Inox Plus;6522
600974000;4007430239488;Metabo HWWI 4500/25 Inox;Domácí vodárna Metabo HWWI 4500/25 Inox;6401
600975000;4007430239471;Metabo HWW 6000/25 Inox;Domácí vodárna Metabo HWW 6000/25 Inox;9668
600976000;4007430239464;Metabo HWW 6000/50 Inox;Domácí vodárna Metabo HWW 6000/50 Inox;12088
600977000;4007430239280;Metabo HWW 9000/100 G;Domácí vodárna Metabo HWW 9000/100 G;12088
600978000;4007430240514;Metabo HWA 3500 Inox;Automatické domácí èerpadlo Metabo HWA 3500 Inox;4828
600979000;4007430240507;Metabo HWAI 4500 Inox;Automatické domácí èerpadlo Metabo HWAI 4500 Inox;6522
600980000;4007430239747;Metabo HWA 6000 Inox;Automatické domácí èerpadlo Metabo HWA 6000 Inox;10152
601022500;4007430151391;Metabo Sr 180 Intec;Vibraèní bruska Metabo Sr 180 Intec;2408
601024000;4007430117618;Metabo Sr 10-23 Intec;Vibraèní bruska Metabo Sr 10-23 Intec;3255
601040000;4007430192806;Metabo STEB 70 Quick;Pøímoèará pila Metabo STEB 70 Quick;3255
601041500;4007430183651;Metabo STEB 80 Quick;Pøímoèará pila Metabo STEB 80 Quick;3618
601042500;4007430185808;Metabo STE 90 SCS;Pøímoèará pila Metabo STE 90 SCS;5312
601043500;4007430185815;Metabo STE 100 SCS;Pøímoèará pila Metabo STE 100 SCS;4828
601111000;4007430098351;Metabo RWE 1100;Elektronická míchaèka Metabo RWE 1100;7490
601119000;4007430083012;Metabo MFE 30;Fréza na zdivo Metabo MFE 30;24188
601204000;4007430168146;Metabo KSE 55 Vario krabice;Okružní pila ponorná Metabo KSE 55 Vario krabice;10757
601205000;4007430210265;Metabo SPA 1200;Odsávací zaøízení Metabo SPA 1200;9668
601229000;4007430027337;Metabo Of E 1229;Horní fréza Metabo Of E 1229;12088
601301000;4007430156655;Metabo PSE 1200;Pila Ocaska Metabo PSE 1200;8458
601306500;4007430240279;Metabo WF 18 LTX 125 2x5,2 Ah;Aku úhlová bruska Metabo WF 18 LTX 125 2x5,2 Ah;15718
601306890;4007430240705;Metabo WF 18 LTX 125 bez aku vložka;Aku úhlová bruska Metabo WF 18 LTX 125 bez aku vložka;7248
601401000;4007430212115;Metabo STE 140;Pøímoèará pila Metabo STE 140;6522
601402000;4007430212214;Metabo STEB 140;Pøímoèará pila Metabo STEB 140;6522
601403500;4007430212122;Metabo STE 140 Plus;Pøímoèará pila Metabo STE 140 Plus;7248
601404500;4007430212252;Metabo STEB 140 Plus;Pøímoèará pila Metabo STEB 140 Plus;7490
601405650;4007430246608;Metabo STA 18 LTX 140 2x5,2 Ah;Aku pøímoèará pila Metabo STA 18 LTX 140 2x5,2 Ah;16928
601405700;4007430213730;Metabo STA 18 LTX 140 MetaLoc 2x4,0 Ah;Aku pøímoèará pila Metabo STA 18 LTX 140 MetaLoc 2x4,0 Ah;16202
601405890;4007430236944;Metabo STA 18 LTX 140 bez aku;Aku pøímoèará pila Metabo STA 18 LTX 140 bez aku;7248
601532000;4007430244413;Metabo Basic 250-24 W OF;Kompresor bezolejový Metabo Basic 250-24 W OF;4828
601533000;4007430244420;Metabo Basic 250-24 W;Kompresor Metabo Basic 250-24 W;4828
601534000;4007430244437;Metabo Basic 250-50 W;Kompresor Metabo Basic 250-50 W;7248
601536000;4007430244451;Metabo Mega 400-50 W;Kompresor Metabo Mega 400-50 W;26608
601537000;4007430244468;Metabo Mega 400-50 D;Kompresor Metabo Mega 400-50 D;26608
601538000;4007430244734;Metabo Mega 350-100 W;Kompresor Metabo Mega 350-100 W;24188
601539000;4007430244765;Metabo Mega 350-100 D;Kompresor Metabo Mega 350-100 D;24188
601540000;4007430244772;Metabo Mega 550-90 D;Kompresor Metabo Mega 550-90 D;35078
601541000;4007430244789;Metabo Mega 520-200 D;Kompresor Metabo Mega 520-200 D;32658
601542000;4007430244833;Metabo Mega 700-90 D;Kompresor Metabo Mega 700-90 D;41128
601543000;4007430244840;Metabo Mega 650-270 D;Kompresor Metabo Mega 650-270 D;43548
601547000;4007430244918;Metabo DSSW 450-3/8;Vzduchový rázový utahovák Metabo DSSW 450-3/8;5917
601548000;4007430244932;Metabo DSSW 475-1/2 ;Vzduchový rázový utahovák Metabo DSSW 475-1/2 ;5917
601549000;4007430244987;Metabo DSSW 930-1/2;Vzduchový rázový utahovák Metabo DSSW 930-1/2;6280
601550000;4007430244994;Metabo DSSW 1690-3/4;Vzduchový rázový utahovák Metabo DSSW 1690-3/4;14266
601551000;4007430245007;Metabo DSSW 2440-1;Vzduchový rázový utahovák Metabo DSSW 2440-1;22978
601552000;4007430245021;Metabo DRS 35-1/4;Vzduchový ráènový utahovák Metabo DRS 35-1/4;2892
601553000;4007430245052;Metabo DRS 95-1/2;Vzduchový ráènový utahovák Metabo DRS 95-1/2;3255
601554000;4007430245557;Metabo DG 700;Vzduchová pøímá bruska Metabo DG 700;3618
601555000;4007430245670;Metabo DG 700 L;Vzduchová pøímá bruska Metabo DG 700 L;4586
601556000;4007430245687;Metabo DW 125 ;Vzduchová úhlová bruska Metabo DW 125 ;5917
601557000;4007430245694;Metabo DW 125 Quick;Vzduchová úhlová bruska Metabo DW 125 Quick;6643
601558000;4007430245809;Metabo DSX  150;Vzduchová excentrická bruska Metabo DSX  150;6280
601559000;4007430245816;Metabo DBF 457;Vzduchový pásový pilník Metabo DBF 457;5796
601560500;4007430245830;Metabo DKS 10 Set;Vzduchová pila na karoserie Metabo DKS 10 Set;6280
601561500;4007430245878;Metabo DMH 290 Set;Vzduchové sekací kladivo Metabo DMH 290 Set;6401
601562500;4007430245885;Metabo DKNG 40/50;Vzduchová sponkovaèka Metabo DKNG 40/50;8216
601563500;4007430245946;Metabo DPN 25;Vzduchová sponkovaèka Metabo DPN 25;6764
601564500;4007430245953;Metabo DKG 80/16;Vzduchová sponkovaèka Metabo DKG 80/16;3618
601565500;4007430245960;Metabo DKG 90/25;Vzduchová sponkovaèka Metabo DKG 90/25;5070
601566500;4007430245977;Metabo DKG 90/40;Vzduchová sponkovaèka Metabo DKG 90/40;8095
601567500;4007430245984;Metabo DKG 114/65;Vzduchová sponkovaèka Metabo DKG 114/65;13177
601568500;4007430245991;Metabo DSN 50;Vzduchová sponkovaèka Metabo DSN 50;7490
601569000;4007430246004;Metabo SSP 1000;Otryskávací pistole Metabo SSP 1000;726
601570000;4007430246011;Metabo SPP 1000;Rozprašovací pistole Metabo SPP 1000;726
601571000;4007430246028;Metabo UBS 1000;Kombinovaná støíkací pistole Metabo UBS 1000;678
601572000;4007430246035;Metabo DFP 400;Tlaková maznice Metabo DFP 400;3013
601573000;4007430246059;Metabo DKP 310;Vzduchová pistole na kartuše Metabo DKP 310;1924
601574000;4007430246066;Metabo FSP 100;Støíkací pistole Metabo FSP 100;1561
601575000;4007430246103;Metabo FSP 600;Støíkací pistole Metabo FSP 600;1198
601576000;4007430246110;Metabo FSP 1000 S ;Støíkací pistole Metabo FSP 1000 S ;1561
601577000;4007430246127;Metabo FSP 600 HVLP;Støíkací pistole Metabo FSP 600 HVLP;4465
601578000;4007430246202;Metabo FSP 600 LVLP;Støíkací pistole Metabo FSP 600 LVLP;5070
601579000;4007430246219;Metabo BP 10;Ofukovací pistole Metabo BP 10;242
601580000;4007430246233;Metabo BP 210;Ofukovací pistole Metabo BP 210;303
601581000;4007430246257;Metabo BP 200;Ofukovací pistole Metabo BP 200;411
601582000;4007430246271;Metabo BP 500;Ofukovací pistole Metabo BP 500;508
601583000;4007430246295;Metabo BPA 15;Ofukovací pistole Metabo BPA 15;508
601584000;4007430246318;Metabo BPA 15 S;Ofukovací pistole Metabo BPA 15 S;847
601585000;4007430246332;Metabo LPZ 4 Set;Pøíslušenství set kompresor Metabo LPZ 4 Set;1198
601586000;4007430246356;Metabo LPZ 7 Set;Pøíslušenství set kompresor Metabo LPZ 7 Set;1682
601587000;4007430253859;Metabo Mega 350-150 D;Kompresor Metabo Mega 350-150 D;26608
601588000;4007430253866;Metabo Mega 580-200 D ;Kompresor Metabo Mega 580-200 D ;38708
601589000;4007430272041;Metabo Mega 350-50 W ;Kompresor Metabo Mega 350-50 W ;19348
601650000;4007430181695;Metabo H 16-500;Horkovzdušná pistole Metabo H 16-500;2166
601750000;4007430193247;Metabo BS 175;Dvoukotouèová bruska Metabo BS 175;9668
602012000;4007430237118;Metabo AS 20 L;Vysavaè Metabo AS 20 L;5433
602013000;4007430237125;Metabo ASA 32 L;Vysavaè Metabo ASA 32 L;6038
602014000;4007430246677;Metabo ASA 25 L PC;Vysavaè Metabo ASA 25 L PC;6643
602015000;4007430246721;Metabo ASA 30 L PC Inox;Vysavaè Metabo ASA 30 L PC Inox;8216
602019000;4007430028075;Metabo Ta E 2019;Sponkovaèka Metabo Ta E 2019;6522
602024000;4007430241054;Metabo ASR 25 L SC;Vysavaè Metabo ASR 25 L SC;12088
602026000;4007430117625;Metabo Sr 20-23;Vibraèní bruska Metabo Sr 20-23;4344
602034000;4007430241092;Metabo ASR 50 L SC Vibra;Vysavaè Metabo ASR 50 L SC Vibra;16323
602045000;4007430241115;Metabo ASR 50 M SC Vibra;Vysavaè Metabo ASR 50 M SC Vibra;21163
602050000;4007430201713;Metabo PWE 11-100;Bruska na kámen Metabo PWE 11-100;11846
602055000;4007430203885;Metabo ASR 35 L AutoClean;Vysavaè Metabo ASR 35 L AutoClean;15718
602057000;4007430250094;Metabo ASR 35 L ACP;Vysavaè Metabo ASR 35 L ACP;18138
602058000;4007430250124;Metabo ASR 35 M ACP;Vysavaè Metabo ASR 35 M ACP;22978
602060000;4007430198952;Metabo HE 20-600 krabice;Horkovzdušná pistole Metabo HE 20-600 krabice;3255
602100500;4007430213518;Metabo BS 14.4 LT;Aku vrtaèka Metabo BS 14.4 LT;9668
602100510;4007430261502;Metabo BS 14.4 LT Compact 2x2,0Ah /1-13mm/;Aku vrtaèka Metabo BS 14.4 LT Compact 2x2,0Ah /1-13mm/;7490
602101500;4007430213570;Metabo BS 14.4 LT Quick;Aku vrtaèka Metabo BS 14.4 LT Quick;10757
602102500;4007430213471;Metabo BS 18 LT 2x4,0Ah;Aku vrtaèka Metabo BS 18 LT 2x4,0Ah;10878
602102530;4007430261519;Metabo BS 18 LT Compact 2x2,0Ah /1-13mm/;Aku vrtaèka Metabo BS 18 LT Compact 2x2,0Ah /1-13mm/;8579
602102650;4007430236708;Metabo BS 18 LT 5,2Ah;Aku vrtaèka Metabo BS 18 LT 5,2Ah;14024
602102890;4007430236630;Metabo BS 18 LT bez aku vložka;Aku vrtaèka Metabo BS 18 LT bez aku vložka;5433
602103500;4007430213587;Metabo SB 18 LT 4,0 Ah;Aku pøíklepová vrtaèka Metabo SB 18 LT 4,0 Ah;10757
602103890;4007430236654;Metabo SB 18 LT bez aku vložka;Aku pøíklepová vrtaèka Metabo SB 18 LT bez aku vložka;6038
602104500;4007430229861;Metabo BS 18 LT Quick 2x4,0 Ah;Aku vrtaèka Metabo BS 18 LT Quick 2x4,0 Ah;10757
602104890;4007430236647;Metabo BS 18 LT Quick bez aku vložka;Aku vrtaèka Metabo BS 18 LT Quick bez aku vložka;6038
602106000;4007430203977;Metabo RC 14.4 - 18;Stavební rádio Metabo RC 14.4 - 18;5917
602109610;4007430216595;Metabo BS 18 LTX Quick 4,0 Ah;Aku vrtaèka Metabo BS 18 LTX Quick 4,0 Ah;15113
602111850;4007430236340;Metabo BSA 14.4-18 LED;Aku svítilna Metabo BSA 14.4-18 LED;5917
602113000;4007430209139;Metabo PowerMaxx RC;Stavební rádio Metabo PowerMaxx RC;3255
602115500;4007430146243;Metabo SE 12-115+pøíslušenství;Satinaèní bruska Metabo SE 12-115+pøíslušenství;21526
602115510;4007430150660;Metabo SE 12-115;Satinaèní bruska bez pøíslušenství Metabo SE 12-115;16202
602116500;4007430210357;Metabo BS 18 Li - Facelift 2012 2x1,5Ah;Aku vrtaèka Metabo BS 18 Li - Facelift 2012 2x1,5Ah;5433
602117000;4007430216267;Metabo PowerMaxx KPA 10.8 600 ml 1x1,5 Ah;Aku pistole na kartuše Metabo PowerMaxx KPA 10.8 600 ml 1x1,5 Ah;9668
602117600;4007430220431;Metabo PowerMaxx KPA 10.8 600 ml 1x4,0 Ah;Aku pistole na kartuše Metabo PowerMaxx KPA 10.8 600 ml 1x4,0 Ah;10757
602117610;4007430229069;Metabo PowerMaxx KPA 10.8 400 ml 1x4,0 Ah;Aku pistole na kartuše Metabo PowerMaxx KPA 10.8 400 ml 1x4,0 Ah;9668
602117850;4007430213358;Metabo PowerMaxx KPA 10.8 600 ml bez aku;Aku pistole na kartuše Metabo PowerMaxx KPA 10.8 600 ml bez aku;6522
602132500;4007430195609;Metabo RBE 12-180 Set;Elektronická pásová bruska na trubky Metabo RBE 12-180 Set;28060
602132510;4007430195616;Metabo RBE 12-180;Elektronická pásová bruska na trubky Metabo RBE 12-180;25882
602133500;4007430195623;Metabo KNSE 12-150 Set;Elektronická bruska koutových svárù Metabo KNSE 12-150 Set;22615
602134500;4007430195647;Metabo BFE 9-90 Set;Elektronický pásový pilník Metabo BFE 9-90 Set;17291
602170890;4007430236937;Metabo W 18 LTX 115 bez aku vložka;Aku úhlová bruska Metabo W 18 LTX 115 bez aku vložka;6038
602174610;4007430216489;Metabo W 18 LTX 125 2x4,0 Ah;Aku úhlová bruska Metabo W 18 LTX 125 2x4,0 Ah;14024
602174650;4007430236661;Metabo W 18 LTX 125 2x5,2 Ah;Aku úhlová bruska Metabo W 18 LTX 125 2x5,2 Ah;16202
602174890;4007430236845;Metabo W 18 LTX 125 bez aku vložka;Aku úhlová bruska Metabo W 18 LTX 125 bez aku vložka;6038
602175000;4007430138958;Metabo PE 12-175;Úhlová leštièka Metabo PE 12-175;9668
602175870;4007430227805;Metabo PE 12-175 renovaèní set;Úhlová leštièka Metabo PE 12-175 renovaèní set;11846
602177000;4007430201706;Metabo AHS 36 V 3/14;Aku nùžky na živý plot Metabo AHS 36 V 3/14;10757
602177860;4007430215208;Metabo AHS 36 V - 2x1,5 Ah;Aku nùžky na živý plot Metabo AHS 36 V - 2x1,5 Ah;12935
602183500;4007430221360;Metabo RBE 9-60 Set;Pásová bruska na trubky Metabo RBE 9-60 Set;25882
602190510;4007430261540;Metabo SB 18 Li 2x2,0Ah /1-13mm/;Aku pøíklepová vrtaèka Metabo SB 18 Li 2x2,0Ah /1-13mm/;7490
602191500;4007430238818;Metabo BS 18 LTX Impuls 2x4,0 Ah;Aku vrtaèka Metabo BS 18 LTX Impuls 2x4,0 Ah;12814
602191650;4007430238948;Metabo BS 18 LTX Impuls 2x5,2Ah;Aku vrtaèka Metabo BS 18 LTX Impuls 2x5,2Ah;13782
602191890;4007430238917;Metabo BS 18 LTX Impuls bez akuvložka;Aku vrtaèka Metabo BS 18 LTX Impuls bez akuvložka;6038
602192890;4007430239051;Metabo SB 18 LTX Impuls bez akuvložka;Aku pøíklepová vrtaèka Metabo SB 18 LTX Impuls bez akuvložka;6643
602193500;4007430238924;Metabo BS 18 LTX Quick 2x4,0 Ah;Aku vrtaèka Metabo BS 18 LTX Quick 2x4,0 Ah;15113
602193650;4007430238931;Metabo BS 18 LTX Quick 2x5,2 Ah;Aku vrtaèka Metabo BS 18 LTX Quick 2x5,2 Ah;16928
602193890;4007430238955;Metabo BS 18 LTX Quick bez aku;Aku vrtaèka Metabo BS 18 LTX Quick bez aku;6643
602194500;4007430213365;Metabo BS 12 NiCd Facelift;Aku vrtaèka Metabo BS 12 NiCd Facelift;3255
602195500;4007430213174;Metabo SSW 18 LTX 200 Set 4,0 Ah;Aku rázový utahovák Metabo SSW 18 LTX 200 Set 4,0 Ah;12935
602195850;4007430213242;Metabo SSW 18 LT bez aku;Aku rázový utahovák Metabo SSW 18 LT bez aku;6038
602195890;4007430236623;Metabo SSW 18 LTX 200 bez aku vložka;Aku rázový utahovák Metabo SSW 18 LTX 200 bez aku vložka;6038
602196500;4007430213259;Metabo SSD 18 LT 200 Set 2x4,0 Ah;Aku rázový utahovák Metabo SSD 18 LT 200 Set 2x4,0 Ah;12935
602196850;4007430213297;Metabo SSD 18 LTX bez aku;Aku rázový utahovák Metabo SSD 18 LTX bez aku;6038
602196890;4007430236685;Metabo SSD 18 LTX 200bez aku;Aku rázový utahovák Metabo SSD 18 LTX 200bez aku;6038
602197500;4007430238375;Metabo BS 18 LTX BL Quick 2x4,0 Ah;Aku vrtaèka Metabo BS 18 LTX BL Quick 2x4,0 Ah;15718
602197650;4007430240019;Metabo BS 18 LTX BL Quick 2x5,2 Ah;Aku vrtaèka Metabo BS 18 LTX BL Quick 2x5,2 Ah;17291
602197890;4007430238382;Metabo BS 18 LTX BL Quick bez aku vložka;Aku vrtaèka Metabo BS 18 LTX BL Quick bez aku vložka;7853
602198500;4007430242761;Metabo SSW 18 LTX 600 4,0Ah;Aku rázový utahovák Metabo SSW 18 LTX 600 4,0Ah;16928
602198650;4007430244109;Metabo SSW 18 LTX 600 5,2 Ah;Aku rázový utahovák Metabo SSW 18 LTX 600 5,2 Ah;18138
602198890;4007430244093;Metabo SSW 18 LTX 600 bez aku;Aku rázový utahovák Metabo SSW 18 LTX 600 bez aku;9668
602199500;4007430238436;Metabo SB 18 LTX BL Quick 2x4,0 Ah;Aku pøíklepová vrtaèka Metabo SB 18 LTX BL Quick 2x4,0 Ah;16202
602199650;4007430240033;Metabo SB 18 LTX BL Quick 2x5,2 Ah;Aku pøíklepová vrtaèka Metabo SB 18 LTX BL Quick 2x5,2 Ah;17775
602199890;4007430238443;Metabo SB 18 LTX BL Quick bez aku vložka;Aku pøíklepová vrtaèka Metabo SB 18 LTX BL Quick bez aku vložka;8458
602200500;4007430239112;Metabo SB 18 LTX Quick 2x4,0 Ah;Aku pøíklepová vrtaèka Metabo SB 18 LTX Quick 2x4,0 Ah;15113
602200650;4007430239105;Metabo SB 18 LTX Quick 2x5,2 Ah;Aku pøíklepová vrtaèka Metabo SB 18 LTX Quick 2x5,2 Ah;16202
602200890;4007430239075;Metabo SB 18 LTX Quick bez aku vložka;Aku pøíklepová vrtaèka Metabo SB 18 LTX Quick bez aku vložka;7248
602201500;4007430238962;Metabo BS 18 LTX-X3 Quick 2x5,2 Ah;Aku vrtaèka Metabo BS 18 LTX-X3 Quick 2x5,2 Ah;19953
602203000;4007430205889;Metabo AHS 36-65 V;Aku nùžky na živý plot Metabo AHS 36-65 V;15113
602204000;4007430246615;Metabo SSW 650;Rázový utahovák Metabo SSW 650;10878
602205500;4007430244277;Metabo SSW 18 LTX 400 BL 2x4,0Ah;Aku rázový utahovák Metabo SSW 18 LTX 400 BL 2x4,0Ah;14508
602205650;4007430246493;Metabo SSW 18 LTX 400 BL 2x5,2Ah;Aku rázový utahovák Metabo SSW 18 LTX 400 BL 2x5,2Ah;15718
602205890;4007430244284;Metabo SSW 18 LTX 400 BL bez aku;Aku rázový utahovák Metabo SSW 18 LTX 400 BL bez aku;8458
602233000;4007430241009;Metabo RF 60;Pneuhustiè Metabo RF 60;641
602234000;4007430241016;Metabo RF 60 G;Pneuhustiè Metabo RF 60 G;1016
602235000;4007430241023;Metabo RF 80 G ;Pneuhustiè Metabo RF 80 G ;2408
602236000;4007430241030;Metabo RF 80 D;Pneuhustiè Metabo RF 80 D;2892
602264500;4007430214324;Metabo PowerMaxx ASE 2x1.5 Ah;Aku meèová pila Metabo PowerMaxx ASE 2x1.5 Ah;7490
602268850;4007430189172;Metabo KSA 18 LTX bez aku;Aku okružní pila Metabo KSA 18 LTX bez aku;7248
602268870;4007430246806;Metabo KSA 18 LTX 2x5,2 Ah;Aku okružní pila Metabo KSA 18 LTX 2x5,2 Ah;16928
602269650;4007430246899;Metabo ASE 18 LTX 2x5,2 Ah;Aku pila ocaska Metabo ASE 18 LTX 2x5,2 Ah;16928
602269850;4007430187727;Metabo ASE 18 LTX bez aku;Aku pila ocaska Metabo ASE 18 LTX bez aku;6038
602298650;4007430246974;Metabo STA 18 LTX 2x5,2 Ah;Aku pøímoèará pila Metabo STA 18 LTX 2x5,2 Ah;16928
602298850;4007430199164;Metabo STA 18 LTX bez aku;Aku pøímoèará pila Metabo STA 18 LTX bez aku;6038
602335000;4007430169204;Metabo CS 23-355;Pila na øezání kovù Metabo CS 23-355;8579
602365000;4007430197542;Metabo HE 23-650 Control;Horkovzdušná pistole Metabo HE 23-650 Control;4344
602540000;4007430247360;Metabo KGS 254 M;Pokosová pila Metabo KGS 254 M;8458
603030000;4007430011008;Metabo Ta E 3030;Sponkovaèka Metabo Ta E 3030;8579
604111000;4007430221537;Metabo DP 18-5 SA;Drenážní pumpa Metabo DP 18-5 SA;15113
604112000;4007430221544;Metabo DP 28-10 S Inox;Drenážní pumpa Metabo DP 28-10 S Inox;26971
604113000;4007430221551;Metabo SP 24-46 SG;Staveništní èerpadlo Metabo SP 24-46 SG;19469
604114000;4007430221568;Metabo SP 28-50 S Inox;Staveništní èerpadlo Metabo SP 28-50 S Inox;23704
604115500;4007430227911;Metabo DMH 30 Set;Vzduchové sekací kladivo Metabo DMH 30 Set;2166
604116500;4007430228918;Metabo DG 25 Set;Vzduchová pøímá bruska Metabo DG 25 Set;2166
604117000;4007430229854;Metabo DS 14;Vzduchový šroubovák Metabo DS 14;3255
604118500;4007430228987;Metabo DSSW 360 Set 1/2;Vzduchový rázový utahovák Metabo DSSW 360 Set 1/2;2166
604119500;4007430228963;Metabo DRS 68 Set 1/2;Vzduchová rázová ráèna Metabo DRS 68 Set 1/2;2287
604120000;4007430228956;Metabo DB 10;Vzduchová vrtaèka Metabo DB 10;2166
604480000;4007430192998;Metabo BHE 2243;Vrtací kladivo Metabo BHE 2243;4223
605052000;4007430207234;Metabo BAS 505 Precision WNB;Pásová pila Metabo BAS 505 Precision WNB;53954
606101500;4007430163479;Metabo SBE 610;Pøíklepová vrtaèka Metabo SBE 610;4344
606153000;4007430203731;Metabo BHE 2444 - plast kryt pøevodù;Vrtací kladivo Metabo BHE 2444 - plast kryt pøevodù;3618
606154000;4007430203748;Metabo KHE 2444 - plast kryt pøevodù;Kombinované kladivo Metabo KHE 2444 - plast kryt pøevodù;3618
606157000;4007430240897;Metabo KHE 2644;Kombinované kladivo Metabo KHE 2644;4223
606421000;4007430199928;Metabo WX 2000-230;Úhlová bruska Metabo WX 2000-230;4344
606449000;4007430189707;Metabo WX 24-230;Úhlová bruska Metabo WX 24-230;6522
606459000;4007430195968;Metabo WX 22-230;Úhlová bruska Metabo WX 22-230;4828
606464000;4007430265340;Metabo WE 22-230 MVT;Úhlová bruska Metabo WE 22-230 MVT;4828
606469000;4007430268204;Metabo WE 24-230 MVT;Úhlová bruska Metabo WE 24-230 MVT;6522
606472000;4007430268259;Metabo WEA 24-230 MVT Quick ;Úhlová bruska Metabo WEA 24-230 MVT Quick ;8095
606475000;4007430268334;Metabo WE 26-230 MVT Quick;Úhlová bruska Metabo WE 26-230 MVT Quick;9668
606476000;4007430267863;Metabo WEA 26-230 MVT Quick;Úhlová bruska Metabo WEA 26-230 MVT Quick;10273
606721000;4007430203755;Metabo W 1080 (115);Úhlová bruska Metabo W 1080 (115);2166
606722000;4007430203762;Metabo W 1080 (125);Úhlová bruska Metabo W 1080 (125);2166
606724000;4007430208019;Metabo W 1080-125 RT;Úhlová bruska Metabo W 1080-125 RT;4344
606725500;4007430229267;Metabo W 720-115;Úhlová bruska Metabo W 720-115;1924
606726000;4007430229274;Metabo W 720-125;Úhlová bruska Metabo W 720-125;1924
606727000;4007430229298;Metabo W 820-115;Úhlová bruska Metabo W 820-115;2045
606728000;4007430229335;Metabo W 820-125;Úhlová bruska Metabo W 820-125;2045
606870000;4007430015327;Metabo Ku 6870;Nùžky na plech Metabo Ku 6870;17291
606872000;4007430015440;Metabo Ku 6872;Nùžky na plech Metabo Ku 6872;12935
606875000;4007430015549;Metabo Kn 6875;Vysekávaè Metabo Kn 6875;18380
608745000;4007430180759;Metabo HS 8745;Nùžky na živý plot Metabo HS 8745;4828
608755000;4007430180773;Metabo HS 8755;Nùžky na živý plot Metabo HS 8755;5433
608765000;4007430180803;Metabo HS 8765;Nùžky na živý plot Metabo HS 8765;5917
608855000;4007430180834;Metabo HS 8855;Nùžky na živý plot Metabo HS 8855;7490
608865000;4007430180872;Metabo HS 8865;Nùžky na živý plot Metabo HS 8865;8095
608875000;4007430180896;Metabo HS 8875;Nùžky na živý plot Metabo HS 8875;8579
609225500;4007430151384;Metabo FSX 200 Intec;Excentrická bruska Metabo FSX 200 Intec;2166
611350000;4007430214218;Metabo SRE 4350 TurboTec;Vibraèní bruska Metabo SRE 4350 TurboTec;6522
611351000;4007430214232;Metabo SRE 4351 TurboTec;Vibraèní bruska Metabo SRE 4351 TurboTec;7248
611750000;4007430193230;Metabo TNS 175;Dvoukotouèová bruska Metabo TNS 175;7248
613060000;4007430230478;Metabo WEF 9-125;Úhlová bruska Metabo WEF 9-125;7006
618121000;4007430087805;Metabo K E 3000;Lepící pistole Metabo K E 3000;2166
619000650;4007430272683;Metabo KS 18 LTX 216 2x5,2Ah;Aku pokosová pila Metabo KS 18 LTX 216 2x5,2Ah;18138
619000850;4007430256621;Metabo KS 18 LTX 216 bez aku;Aku pokosová pila Metabo KS 18 LTX 216 bez aku;9668
619001650;4007430272690;Metabo KGS 18 LTX 216 2x5,2Ah;Aku pokosová pila Metabo KGS 18 LTX 216 2x5,2Ah;20558
619001850;4007430256638;Metabo KGS 18 LTX 216 bez aku;Aku pokosová pila Metabo KGS 18 LTX 216 bez aku;12088
619125000;4007430193292;Metabo DS 125;Dvoukotouèová bruska Metabo DS 125;3255
619150000;4007430193285;Metabo DS 150;Dvoukotouèová bruska Metabo DS 150;4344
619175000;4007430193278;Metabo DS 175;Dvoukotouèová bruska Metabo DS 175;5433
619200000;4007430193261;Metabo DS 200;Dvoukotouèová bruska Metabo DS 200;8458
619201000;4007430193254;Metabo DSD 200;Dvoukotouèová bruska Metabo DSD 200;9668
619216000;4007430256539;Metabo KS 216 M Lasercut;Pokosová pila Metabo KS 216 M Lasercut;4344
619250000;4007430193223;Metabo DSD 250;Dvoukotouèová bruska Metabo DSD 250;13782
619260000;4007430256560;Metabo KGS 216 M;Pokosová pila Metabo KGS 216 M;6038
619305000;4007430256515;Metabo KGS 305 M;Pokosová pila Metabo KGS 305 M;14508
620001000;4007430096456;Metabo DWSE 6,3;Šroubovák Metabo DWSE 6,3;9668
620002000;4007430095923;Metabo USE 8;Šroubovák Metabo USE 8;9668
620003000;4007430096548;Metabo SE 2800;Šroubovák Metabo SE 2800;7006
620004000;4007430096531;Metabo SE 4000;Šroubovák Metabo SE 4000;7006
620005000;4007430183842;Metabo SE 4000 M + SM 5-55;Šroubovák na sádrokarton Metabo SE 4000 M + SM 5-55;10757
620016000;4007430150387;Metabo HS 45;Nùžky na živý plot Metabo HS 45;3618
620017000;4007430150394;Metabo HS 55;Nùžky na živý plot Metabo HS 55;4102
620035000;4007430175571;Metabo WQ 1000;Úhlová bruska Metabo WQ 1000;3618