111-38;Domar 111-38;"Benzinová pila 2,4kW, 38cm,3/8""";4002829234716;13990;30
115-38;Domar 115-38;"Benzinová pila 2,7kW, 38cm,3/8""";4002829234679;15390;30
AG3628;Domar AG3628;Aku ofukovaè Dolmar Li-ion 36V,bez aku (UB360DZ);4002829749548;3890;30
AH3656;Domar AH3656;Aku plotostøih Dolmar Li-ion 36V,bez aku (UH550DZ);4002829763148;8390;30
AH3656LG;Domar AH3656LG;Aku plotostøih Dolmar Li-ion 36V/2,2Ah (UH550DWB);4002829763155;12790;30
AM3643;Domar AM3643;Aku sekaèka Dolmar 430mm Li-ion 36V,bez aku (LM430DZ);0088381624466;9090;30
AM3643LG;Domar AM3643LG;Aku sekaèka Dolmar 430mm Li-ion 36V/2,2Ah (LM430DWB);0088381624435;13990;30
AS1212LGE;Domar AS1212LGE;Aku øetìzová pila NiCd 12V/1,9Ah (UC120DWAE);4002829531891;9490;30
AS1812LGE;Domar AS1812LGE;Aku øetìzová pila Li-ion 18V/3,0Ah (BUC122RFE);4002829689578;13990;30
AS3626;Domar AS3626;Aku øetìzová pila Dolmar Li-ion 36V,bez aku (BUC250DZ);4002829763230;8090;30
AS3626LG;Domar AS3626LG;Aku øetìzová pila Dolmar Li-ion 36V/2,2Ah (BUC250DWB);4002829763247;12890;30
AT3624;Domar AT3624;Aku køovinoøez Dolmar Li-ion 36V,bez aku (BC231UDZ);4002829763063;14190;30
AT3624LGE;Domar AT3624LGE;Aku køovinoøez Dolmar Li-ion 36V/2,2Ah (BC231UDWBE);4002829763087;24190;30
CS246.4C;Domar CS246.4C;Kombi systém 4-takt 0,77kW;0088381620826;7990;30
EE150;Domar EE150;Elektrický pøoøezávaè vìtví 25cm,1500W;4002829760611;10490;30
EH70;Domar EH70;Elektrický køovinoøez/plotostøih 53,5cm,700W;4002829760642;9590;30
EM33;Domar EM33;Elektrická sekaèka 33cm,1100W;4002829730041;2190;30
EM330;Domar EM330;Elektrická sekaèka 33cm,1100W;0088381641579;2490;30
EM37;Domar EM37;Elektrická sekaèka 37cm,1300W;4002829730072;2690;30
EM370;Domar EM370;Elektrická sekaèka 37cm,1300W;0088381641593;2890;30
EM380;Domar EM380;Elektrická sekaèka 38cm,1400W;;2890;30
EM41;Domar EM41;Elektrická sekaèka 41cm,1600W;4002829730102;5290;30
EM460;Domar EM460;Elektrická sekaèka 46cm,1800W;4002829730133;6590;30
EM461;Domar EM461;Elektrická sekaèka, 46cm, 1800W;;6990;30
EM461S;Domar EM461S;Elektrická sekaèka s pojezdem 46cm,1800W;;8990;30
ES2130A;Domar ES2130A;"Elektrická pila 30cm,3/8"",2000W";4002829642139;5190;30
ES2135A;Domar ES2135A;"Elektrická pila 35cm,3/8"",2000W";0088381078566;5590;30
ES2135AKX;Domar ES2135AKX;"Elektrická pila 35cm,3/8"",2000W+pøíslušenství+kufr";0088381648134;6790;30
ES2140A;Domar ES2140A;"Elektrická pila 40cm,3/8"",2000W";0088381078528;5990;30
ES33A;Domar ES33A;"Elektrická pila 30cm,3/8"",1800W";0088381071017;3590;30
ES38A;Domar ES38A;"Elektrická pila 35cm,3/8"",1800W";0088381071024;3990;30
ES42A;Domar ES42A;"Elektrická pila 40cm,3/8"",1800W";0088381071031;4390;30
ET100C;Domar ET100C;Elektrický vyžínaè;4002829551394;4290;30
ET40;Domar ET40;Elektrický vyžínaè 400W  (UR3000);4002829762448;1790;30
EV3213;Domar EV3213;Elektrický vertikutátor 32cm,1300W;0088381648950;3490;30
EV3618;Domar EV3618;Elektrický vertikutátor 36cm,1800W;0088381648967;5490;30
EV3918;Domar EV3918;Elektrický vertikutátor 39cm,1800W;4002829629539;11490;30
FH2500;Domar FH2500;Elektrický drtiè vìtví 2500W;0088381643825;5990;30
HT2375D;Domar HT2375D;Benzinový plotostøih 0,68kW,75cm;0088381617178;16490;30
HT2475;Domar HT2475;Benzinový plotostøih 0,68kW,75cm;4002829748688;12790;30
HT2556D;Domar HT2556D;Benzinový plotostøih 0,88kW,56cm;4002829546109;12990;30
HT2576E;Domar HT2576E;Benzinový plotostøih 0,88kW,76cm;4002829570883;13490;30
HT2950;Domar HT2950;Benzinový plotostøih 0,85kW,50cm;4002829677254;12790;30
HT2960;Domar HT2960;Benzinový plotostøih 0,85kW,60cm;4002829677247;12990;30
HT345;Domar HT345;Elektrický plotostøih 45cm,550W (UH4570);0088381096751;3990;30
HT355;Domar HT355;Elektrický plotostøih 55cm,550W (UH5570);0088381096768;4390;30
HT365;Domar HT365;Elektrický plotostøih 65cm,550W (UH6570);4002829699881;4790;30
HT43;Domar HT43;Elektrický plotostøih 42cm,400W (UH4261);4002829758311;2790;30
HT49;Domar HT49;Elektrický plotostøih 48cm,400W (UH4861);0088381615877;2990;30
HT53;Domar HT53;Elektrický plotostøih 52cm,400W (UH5261);0088381615921;3190;30
HT5510;Domar HT5510;Elektrický plotostøih 55cm,670W (UH5580);0088381601122;6190;30
HT6510;Domar HT6510;Elektrický plotostøih 65cm,670W (UH6580);0088381601030;6490;30
HT7510;Domar HT7510;Elektrický plotostøih 75cm,670W (UH7580);4002829699935;6790;30
LT250;Domar LT250;Benzinový vyžínaè 0,73kW;4002829273630;5990;30
MS245.4U;Domar MS245.4U;Benzinový køovinoøez 4-takt 0,71kW;4002829712818;10 790;30
MS246.4U;Domar MS246.4U;Benzinový køovinoøez 4-takt 0,77kW;0088381610476;9990;30
MS246.4UE;Domar MS246.4UE;Benzinový køovinoøez 4-takt 0,77 kW;0088381610490;10490;30
MS252;Domar MS252;Benzinový køovinoøez 0,73kW;4002829546062;7690;30
MS25U;Domar MS25U;Benzinový køovinoøez 0,75 kW;4002829527580;10490;30
MS260C;Domar MS260C;Benzinový køovinoøez 0,80 kW;4002829601174;9490;30
MS27U;Domar MS27U;Benzinový køovinoøez 0,83 kW;;6990;30
MS290U;Domar MS290U;Benzinový køovinoøez 0,83 kW;4002829527788;10490;30
MS3202E;Domar MS3202E;Nevyrábí se - bez náhrady;0088381610438;10490;30
MS335.4U;Domar MS335.4U;Benzinový køovinoøez 4-takt 1,07kW (EBH341U);0088381601146;11790;30
MS340;Domar MS340;Benzinový køovinoøez 1,60kW;4002829421635;14490;30
MS4010;Domar MS4010;Benzinový køovinoøez 1,80kW;4002829270745;17490;30
MS430.4U;Domar MS430.4U;Benzinový køovinoøez 4-takt 1,5kW;4002829792605;14990;30
MS4300.4U;Domar MS4300.4U;Benzinový køovinoøez 4-takt 1,5kW;;16890;30
MS4510;Domar MS4510;Benzinový køovinoøez 2,30kW;4002829528501;18690;30
MS4510KIT;Domar MS4510KIT;Benzinový køovinoøez 2,30 kW, pilový kotouè;4002829404775;18990;30
PB252.4;Domar PB252.4;Dmychadlo/ofukovaè 4-takt 0,81kW (BHX2501);4002829758489;6790;30
PC6114;Domar PC6114;Benzinová rozbrušovací pila 3,2kW,350mm;;20990;30
PC7312D;Domar PC7312D;Benzinová rozbrušovací pila 300mm;4002829704486;28223;30
PC7412;Domar PC7412;Benzinová rozbrušovací pila 3,8kW,300mm;4002829797136;24990;30
PC8216WS;Domar PC8216WS;Benzinová rozbrušovací pila 4,2kW,400mm;4002829828106;29990;30
PD520;Domar PD520;Pùdní vrták 2,0kW;4002829696088;11490;30
PM411;Domar PM411;Benzinová sekaèka 41cm;0088381641272;9490;30
PM4601S;Domar PM4601S;Benzinová sekaèka 46 cm, 1 rychlost;0088381333962;11690;30
PM4601S3;Domar PM4601S3;Benzinová sekaèka 46 cm, 3 rychlosti;0088381333993;12790;30
PM461;Domar PM461;Benzinová sekaèka 46 cm, bez pojezdu;0088381333931;9590;30
PM4655S4;Domar PM4655S4;Benzinová sekaèka 4 rychlosti 46cm;4002829762417;18190;30
PM4660S1;Domar PM4660S1;Benzinová sekaèka s pojezdem 46cm;4002829762400;16490;30
PM46S;Domar PM46S;Benzinová sekaèka 46 cm, 1 rychlost;0088381638906;10290;30
PM4855SAPro;Domar PM4855SAPro;Benzinová sekaèka 46cm;4002829637142;20190;30
PM4860S4;Domar PM4860S4;Benzinová sekaèka 4 rychlosti 46cm;4002829637128;20190;30
PM5101S3;Domar PM5101S3;Benzinová sekaèka 51 cm, 3 rychlosti;4002829789117;14290;30
PM5102S3;Domar PM5102S3;Benzinová sekaèka 51 cm, 3 rychlosti;0088381641715;16990;30
PM5120;Domar PM5120;Benzinová mulèovací sekaèka 51cm;4002829789162;9290;30
PM5120S;Domar PM5120S;Benzinová mulèovací sekaèka s pojezdem 51cm;4002829789186;10990;30
PM5165S3;Domar PM5165S3;Benzinová sekaèka 3 rychlosti 51cm;4002829762431;20990;30
PM5175S1;Domar PM5175S1;Benzinová sekaèka s pojezdem 51cm;4002829762424;20990;30
PM5600S3;Domar PM5600S3;Benzinová sekaèka 56 cm, 3 rychlosti;4002829824092;17990;30
PS220TH;Domar PS220TH;"Jednoruèní pila 0,75kW,25cm,3/8""";0088381060394;10990;30
PS310TH;Domar PS310TH;Jednoruèní pila 1,04 kW, 30 cm;008838162568;13990;30
PS311TH;Domar PS311TH;Jednoruèní pila 1,04 kW, 30 cm;0088381659062;10990;30
PS32CTLC;Domar PS32CTLC;"Benzinová pila 1,35kW,35cm,3/8""";0088381630900;6690;30
PS3410THTLC;Domar PS3410THTLC;"Benzinová pila  s rychloupínáním 1,40kW,30cm,3/8""";4002829641071;12790;30
PS350SC;Domar PS350SC;"Benzinová pila 1,7kW,35cm,3/8""";4002829771211;10990;30
PS35C;Domar PS35C;"Benzinová pila 1,70kW,35cm,3/8""";4002829815632;7490;30
PS420SC;Domar PS420SC;"Benzinová pila 2,2kW,38cm,.325""";4002829771037;11990;30
PS500C;Domar PS500C;"Benzinová pila 2,4kW,38cm,3/8""";4002829801512;14490;30
PS5105C;Domar PS5105C;"Benzinová pila 2,8kW,38cm, 3/8""";4002829801406;15990;30
PS5105H;Domar PS5105H;"Benzinová pila s vyhøívanou rukojetí 2,8kW,38cm, 3/8""";4002829716809;16990;30
PS6100;Domar PS6100;"Benzinová pila 3,4kW,45cm,3/8""";4002829832967;17490;30
PS6400HS;Domar PS6400HS;"Benzinová pila 3,5kW,45cm,3/8""";4002829481752;17990;30
PS6400HSH;Domar PS6400HSH;"Benzinová pila s vyhøívanou rukojetí 3,5kW,45cm,3/8""";4002829641163;18490;30
PS7300HSH;Domar PS7300HSH;"Benzinová pila s vyhøívanou rukojetí 4,2kW,45cm,3/8""";4002829643051;19990;30
PS7310;Domar PS7310;Benzinová pila 4,1kW,45cm;4002829792797;20990;30
PS7310H;Domar PS7310H;Benzinová pila s vyhøívanou rukojetí 4,1kW,45cm;4002829792964;22290;30
PS7910;Domar PS7910;"Benzinová pila 4,6kW,50cm,3/8""";4002829792865;22990;30
PS7910H;Domar PS7910H;"Benzinová pila s vyhøívanou rukojetí 4,6kW,50cm,3/8""";4002829792957;24490;30
PS9010;Domar PS9010;"Benzinová pila 4,9kW,74cm,3/8""";;25990;30
RM72.13H;Domar RM72.13H;Rider 12,5HP,72cm;4002829638118;63990;30
TM102.16H2;Domar TM102.16H2;Zahradní traktor 15,5HP,102cm;4002829679685;103990;30
TM102.18H;Domar TM102.18H;Zahradní traktor 17,5HP,102cm;4002829638163;96990;30
TM102.20H2;Domar TM102.20H2;Zahradní traktor 20HP,102cm;4002829638170;109990;30
TM122.22H2;Domar TM122.22H2;Zahradní traktor 22HP,122cm;4002829637265;119990;30
TM92.14H;Domar TM92.14H;Zahradní traktor 13,5HP,92cm;4002829638132;79990;30
WK80;Domar WK80;Ruèní zametaè 80cm;4002829542422;9590;30
1806B;Makita 1806B;Velkoplošný hoblík 170mm,1200W;0088381003957;16590;5
1911B;Makita 1911B;Velkoplošný hoblík 110mm,900W;0088381002240;8490;5
2012NB;Makita 2012NB;Protahovaèka 304x155mm,1650W;0088381032858;20190;5
2107FK;Makita 2107FK;Pásová pila 1140mm,710W;0088381061681;13890;5
2414EN;Makita 2414EN;Rozbrušovaèka 355mm,2000W;0088381635202;9990;5
2704;Makita 2704;Stolní kotouèová pila 260mm,1650W;0088381063524;24190;5
3706;Makita 3706;Rotaèní frézka 6,35/3,18mm,550W;0088381036245;5390;5
3709;Makita 3709;Jednoruèní frézka 6mm,530W;0088381067454;2690;5
3710;Makita 3710;Jednoruèní frézka 6mm,530W;0088381067461;2890;5
4101RH;Makita 4101RH;Diamantová øezaèka 110-125mm,860W;0088381026574;16690;5
4105KB;Makita 4105KB;Diamantová øezaèka 125mm,800W;0088381004145;13990;5
4112HS;Makita 4112HS;Diamantová øezaèka 305mm,2400W;0088381050272;18490;5
4131;Makita 4131;Ruèní kotouèová pila na kov 185mm,1100W;0088381056519;12090;5
4157KB;Makita 4157KB;Diamantová øezaèka s odsáváním 180mm,1400W;0088381039789;13090;5
4326;Makita 4326;Pøímoèará pila 450W;0088381082525;2590;5
4327;Makita 4327;Pøímoèará pila s regulací,450W;0088381082563;2890;5
4329;Makita 4329;Pøímoèará pila s regulací a pøedkyvem,450W;0088381083102;3090;5
4350CTJ;Makita 4350CTJ;Pøímoèará pila s regulací a pøedkyvem,720W,systainer;0088381639101;5790;5
4350FCTJ;Makita 4350FCTJ;Pøímoèará pila s regulací,pøedkyvem a svìtlem,720W,systainer;0088381639125;6290;5
4351CTJ;Makita 4351CTJ;Pøímoèará pila s regulací a pøedkyvem,720W, systainer;0088381638777;5790;5
4351FCTJ;Makita 4351FCTJ;Pøímoèará pila s regulací,pøedkyvem a svìtlem,720W,systainer;0088381639224;6290;5
440;Makita 440;Univerzální vysavaè 35l,1000W;0088381921930;8290;5
445X;Makita 445X;Univerzální vysavaè inox 50l,1350W;0088381044967;10790;5
446LX;Makita 446LX;Univerzální vysavaè 27l,1500W,tøída L;0088381619790;11790;5
447LX;Makita 447LX;Univerzální vysavaè 45l,1500W,tøída L;0088381619806;19190;5
447MX;Makita 447MX;Univerzální vysavaè 45l,1500W,tøída M;0088381619813;21790;5
448;Makita 448;Univerzální vysavaè 20l,1000W;0088381090650;7490;5
449;Makita 449;Univerzální vysavaè 80l,2x1200W;0088381090667;19990;5
4604DW;Makita 4604DW;Aku nùžky na vinnou révu;0088381030656;37990;5
5103R;Makita 5103R;Ruèní kotouèová pila 270mm,2100W;0088381018289;17690;5
5104S;Makita 5104S;Ruèní kotouèová pila 270mm,2100W;0088381090315;15990;5
5143R;Makita 5143R;Ruèní kotouèová pila 355mm,2200W;0088381018241;31290;5
5604R;Makita 5604R;Ruèní kotouèová pila 165mm,950W;0088381030571;3590;5
5704R;Makita 5704R;Ruèní kotouèová pila 190mm,1200W;0088381038669;4590;5
5705R;Makita 5705R;Ruèní kotouèová pila 190mm,1400W;0088381037297;5890;5
5705RK;Makita 5705RK;Ruèní kotouèová pila 190mm,1400W,kufr;0088381037426;6190;5
5903R;Makita 5903R;Ruèní kotouèová pila 235mm,2000W;0088381014397;9590;5
6261DWE;Makita 6261DWE;Aku vrtací šroubovák NiCd 9,6V/1,3Ah;0088381090919;3990;5
6261DWLE;Makita 6261DWLE;Aku vrtací šroubovák s lampou NiCd 9,6V/1,3Ah;0088381090933;4290;5
6261DWPE;Makita 6261DWPE;Aku vrtací šroubovák NiCd 9,6V/1,3Ah;0088381090957;2790;5
6271DWAE;Makita 6271DWAE;Aku vrtací šroubovák NiCd 12V/1,9Ah;0088381091831;4590;5
6271DWALE;Makita 6271DWALE;Aku vrtací šroubovák s lampou NiCd 12V/1,9Ah;0088381091879;5190;5
6271DWPE;Makita 6271DWPE;Aku vrtací šroubovák NiCd 12V/1,3Ah;0088381091909;3190;5
6271DWPET9;Makita 6271DWPET9;Aku vrtací šroubovák s pøíslušenstvím NiCd 12V/1,3Ah;0088381623926;5490;5
6271DWPEX;Makita 6271DWPEX;Aku vrtací šroubovák s pøíslušenstvím NiCd 12V/1,3Ah;0088381097307;4990;5
6271DWPLE;Makita 6271DWPLE;Aku vrtací šroubovák s lampou NiCd 12V/1,3Ah;0088381091961;3690;5
6281DWAE;Makita 6281DWAE;Aku vrtací šroubovák NiCd 14,4V/1,9Ah;0088381092043;5590;5
6281DWALE;Makita 6281DWALE;Aku vrtací šroubovák s lampou NiCd 14,4V/1,9Ah;0088381092050;5790;5
6300-4;Makita 6300-4;Vrtaèka 1,5-13mm,650W;0088381003759;8090;5
6305;Makita 6305;Vrtaèka 2-13mm,850W;0088381074216;6190;5
6317DWDESP;Makita 6317DWDESP;Aku vrtací šroubovák s dárky NiMH 12V/2,5Ah;0088381073066;8390;5
6391DWALE;Makita 6391DWALE;Aku vrtací šroubovák s lampou NiCd 18V/1,9Ah;0088381092302;8090;5
6408;Makita 6408;Vrtaèka 1,5-10mm,rychlosklíèidlo,530W;0088381020558;3190;5
6412;Makita 6412;Vrtaèka 1,5-10mm,450W;0088381082150;1990;5
6413;Makita 6413;Vrtaèka 1,5-10mm,rychlosklíèidlo,450W;0088381081177;2190;5
6510LVR;Makita 6510LVR;Vrtaèka 1-10mm,400W;0088381000734;4690;5
6723DW;Makita 6723DW;Aku šroubovák NiCd 4,8V;0088381090803;1590;5
6835DWA;Makita 6835DWA;Aku zásobníkový šroubovák NiCd 12V/1,9Ah;0088381032902;10790;5
6842;Makita 6842;Šroubovák se zásobníkem 25-55mm,470W;0088381081955;9990;5
6844;Makita 6844;Šroubovák se zásobníkem 45-75mm,470W;0088381081993;10490;5
6904VH;Makita 6904VH;Rázový utahovák 2 rychlosti,150/200Nm,360W;0088381005944;8390;5
6905B;Makita 6905B;Rázový utahovák 300Nm,340W;0088381003667;12890;5
6905H;Makita 6905H;Rázový utahovák 300Nm,470W;0088381006545;9390;5
6906;Makita 6906;Rázový utahovák 600Nm,620W;0088381000840;16390;5
6918FDWDE;Makita 6918FDWDE;Aku rázový utahovák NiMH 12V/2,5Ah;0088381052900;14190;5
6934FDWDE;Makita 6934FDWDE;Aku rázový utahovák NiMH 14,4V/2,5Ah;0088381052856;13990;5
6951;Makita 6951;Rázový utahovák 100Nm,300W;0088381025140;6490;5
6953;Makita 6953;Rázový utahovák 150Nm,280W;0088381036948;7590;5
6980FDWDE;Makita 6980FDWDE;Aku rázový utahovák NiMH 12V/2,5Ah;0088381055130;11090;5
7104L;Makita 7104L;Øetìzová dlabaèka;0088381006415;44990;5
8271DWAE;Makita 8271DWAE;Aku pøíklepový šroubovák NiCd 12V/1,9Ah;0088381092357;5390;5
8271DWAET2;Makita 8271DWAET2;Aku pøíklepový šroubovák s pøíslušenstvím NiCd 12V/1,9Ah;0088381094535;6790;5
8271DWALE;Makita 8271DWALE;Aku pøíklepový šroubovák s lampou NiCd 12V/1,9Ah;0088381092364;5590;5
8281DWAE;Makita 8281DWAE;Aku pøíklepový šroubovák NiCd 14,4V/1,9Ah;0088381092470;5990;5
8391DWAE;Makita 8391DWAE;Aku pøíklepový šroubovák NiCd 18V/1,9Ah;0088381092760;7090;5
8406;Makita 8406;Diamantová jádrová vrtaèka,860W;0088381008778;14690;5
9031;Makita 9031;Pásový pilník 533x30mm,550W;0088381016254;8390;5
9032;Makita 9032;Pásový pilník 533x9mm,500W;0088381041348;6790;5
9046;Makita 9046;Vibraèní bruska 115x229mm,600W;0088381015486;7590;5
906;Makita 906;Pøímá bruska 6mm,240W;0088381002745;4590;5
9207SPB;Makita 9207SPB;Leštièka 180mm,710W;0088381000987;8390;5
9227CB;Makita 9227CB;Leštièka 180mm,1200W;0088381024044;9790;5
9403J;Makita 9403J;Pásová bruska 100x61mm,1200W,systainer;0088381640763;11790;5
9404J;Makita 9404J;Pásová bruska 100x61mm,1010W ,systainer;0088381640893;9490;5
9557HN;Makita 9557HN;Úhlová bruska 115mm,840W;0088381095006;2590;5
9558HN;Makita 9558HN;Úhlová bruska 125mm,840W;0088381095051;2690;5
9558HNK;Makita 9558HNK;Úhlová bruska 125mm,840W,kufr;0088381095334;2890;5
9558HNZ;Makita 9558HNZ;Úhlová bruska 125mm,840W;0088381657167;2490;5
9562CVR;Makita 9562CVR;Úhlová bruska s regulací 125mm,SJS,1200W;0088381098021;5890;5
9564H;Makita 9564H;Úhlová bruska 115mm,SJS,1100W;0088381077347;4190;5
9565CLR;Makita 9565CLR;Úhlová bruska s regulací 125mm,SJS,1400W;0088381098052;6590;5
9565CR;Makita 9565CR;Úhlová bruska 125mm,SJS,1400W;0088381098069;5990;5
9565CVR;Makita 9565CVR;Úhlová bruska 125mm.1400W.SJS. regulace;0088381098076;6090;5
9565H;Makita 9565H;Úhlová bruska 125mm,SJS,1100W;0088381077378;4290;5
9565HZ1;Makita 9565HZ1;Úhlová bruska 125mm,SJS,1100W;0088381604024;3590;5
9566CR;Makita 9566CR;Úhlová bruska 150mm,SJS,1400W;0088381098083;6390;5
9566CVR;Makita 9566CVR;Úhlová bruska s regulací 150mm,SJS,1400W;0088381098090;6490;5
9741;Makita 9741;Kartáèová bruska 860W;0088381003230;14690;5
9903;Makita 9903;Pásová bruska 533x76mm,1010W;0088381032674;8590;5
9910;Makita 9910;Pásová bruska 457x76mm,650W;0088381025409;4290;5
9911;Makita 9911;Pásová bruska 457x76mm,650W;0088381025461;4590;5
9924DB;Makita 9924DB;Pásová bruska 610x76/100mm,850W;0088381001144;7790;5
AC1300;Makita AC1300;Kompresor 20l,31kg;8020119042267;12990;5
AC1350;Makita AC1350;Kompresor 50l,32kg;0088381074636;11990;5
AC310H;Makita AC310H;Vysokotlaký kompresor 6,2l,36kg;0088381096928;25490;5
AC320H;Makita AC320H;Vysokotlaký kompresor 11l,18kg;0088381611763;61990;5
AC640;Makita AC640;Kompresor 6l,15kg;8020119042274;7890;5
AF201Z;Makita AF201Z;Pneumatická høebíkovaèka 12-25mm;0088381048712;2990;5
AF505;Makita AF505;Pneumatická høebíkovaèka 15-50mm;0088381074919;2890;5
AN250HC;Makita AN250HC;Pneumatická nastøelovací høebíkovaèka do betonu a zdiva HP;0088381605106;22690;5
AN450H;Makita AN450H;Pneumatická høebíkovaèka HP,19-45mm;0088381097659;18690;5
AN510H;Makita AN510H;Pneumatická høebíkovaèka HP,27-50mm;0088381079747;17490;5
AN610H;Makita AN610H;Pneumatická høebíkovaèka HP,32-65mm;0088381074261;18690;5
AN620H;Makita AN620H;Pneumatická høebíkovaèka HP,45-65mm;0088381077699;18690;5
AN621;Makita AN621;Pneumatická høebíkovaèka 45-63mm;0088381034852;16190;5
AN711H;Makita AN711H;Pneumatická høebíkovaèka HP,45-75mm;0088381082495;19890;5
AN902;Makita AN902;Pneumatická høebíkovaèka 45-90 mm;0088381624510;15490;5
AN943K;Makita AN943K;Pneumatická høebíkovaèka 45-90mm;0088381090490;11490;5
AT1150A;Makita AT1150A;Pneumatická sponkovaèka 11mm;0088381077491;8390;5
AT2550A;Makita AT2550A;Pneumatická sponkovaèka 25mm;0088381077507;8990;5
AT638;Makita AT638;Pneumatická sponkovaèka 6,35mm;0088381028592;4490;5
BBC231URDE;Makita BBC231URDE;Aku køovinoøez Li-ion 36V/2,6Ah;0088381607957;32290;5
BBO180RFE;Makita BBO180RFE;Aku excentrická bruska Li-ion 18V/3,0Ah;0088381630207;10990;5
BBO180Z;Makita BBO180Z;Aku excentrická bruska Li-ion 18V,bez aku;0088381630184;4590;5
BBX7600;Makita BBX7600;Benzínové dmychadlo/ofukovaè 4-takt (PB7600.4);0088381082631;16990;5
BBY180;Makita BBY180;Aku kolo Li-ion 18V,bez aku;0088381613989;20190;5
BC231UDWBE;Makita BC231UDWBE;Aku køovinoøez Li-ion 36V/2,2Ah (AT-3624LGE);0088381618151;24190;5
BC231UDZ;Makita BC231UDZ;Aku køovinoøez Li-ion 36V,bez aku (AT-3624);0088381618182;14190;5
BCF201Z;Makita BCF201Z;Aku ventilátor Li-ion 14,4/18V,bez aku;0088381624589;2190;5
BCL140Z;Makita BCL140Z;Aku vysavaè Li-ion 14,4V,bez aku;0088381601429;2090;5
BCS550RFE;Makita BCS550RFE;Aku pila na kov Li-ion 18V/3,0Ah;0088381077002;12290;5
BDA340RFJ;Makita BDA340RFJ;Aku úhlová vrtaèka Li-ion 14,4V/3,0Ah,systainer;0088381639071;11990;5
BDA340Z;Makita BDA340Z;Aku úhlová vrtaèka Li-ion 14,4V,bez aku;0088381094443;5990;5
BDA341RFJ;Makita BDA341RFJ;Aku úhlová vrtaèka Li-ion 14,4V/3,0Ah,systainer;0088381639309;11990;5
BDA350Z;Makita BDA350Z;Aku úhlová vrtaèka Li-ion 18V,bez aku;0088381094504;5990;5
BDA351Z;Makita BDA351Z;Aku úhlová vrtaèka s rychlosklíèidlem Li-ion 18V,bez aku;0088381094429;6290;5
BDF343SHEX;Makita BDF343SHEX;Aku vrtací šroubovák s pøíslušenstvím Li-on 14,4V/1,3Ah;0088381097734;7790;5
BDF343SHX4;Makita BDF343SHX4;Aku vrtací šroubovák s pøíslušenstvím a lampou Li-on 14,4V/1,3Ah;0088381623032;7590;5
BDF446RFJ;Makita BDF446RFJ;Aku vrtací šroubovák Li-on 14,4V/3,0Ah,systainer;0088381637084;10690;5
BDF446Z;Makita BDF446Z;Aku vrtací šroubovák Li-on 14,4V,bez aku;0088381619899;5090;5
BDF448RFJ;Makita BDF448RFJ;Aku vrtací šroubovák Li-ion 14,4V 3,0 Ah,systainer;0088381637107;11390;5
BDF448Z;Makita BDF448Z;Aku vrtací šroubovák Li-on 14,4V,bez aku;0088381627818;5190;5
BDF456Z;Makita BDF456Z;Aku vrtací šroubovák Li-on 18V,bez aku;0088381611596;5590;5
BDF458Z;Makita BDF458Z;Aku vrtací šroubovák Li-on 18V,bez aku;0088381627948;5690;5
BDF459Z;Makita BDF459Z;Aku bezuhlíkový šroubovák Li-on 18V,bez aku;0088381632546;4590;5
BFL060FZ;Makita BFL060FZ;Aku úhlový utahovák 1,5-6Nm,450ot,NiMH 9,6V;0088381083997;13490;5
BFL061FZ;Makita BFL061FZ;Aku úhlový utahovák 1,5-6Nm,450ot,Li-ion 14,4V;0088381633789;14890;5
BFL080FZ;Makita BFL080FZ;Aku úhlový utahovák 2-8Nm,450ot,NiMH 9,6V;0088381045957;15890;5
BFL081FZ;Makita BFL081FZ;Aku úhlový utahovák 2-8Nm,700ot,NiMH 12V;0088381056540;16325;5
BFL082FZ;Makita BFL082FZ;Aku úhlový utahovák 2-8Nm,700ot,Li-ion 14,4V;0088381633796;18690;5
BFL120FZ;Makita BFL120FZ;Aku úhlový utahovák 5-12Nm,250ot,NiMH 9,6V;0088381045971;16390;5
BFL121FZ;Makita BFL121FZ;Aku úhlový utahovák 5-12Nm,410ot,NiMH 12V;0088381045995;16890;5
BFL122FZ;Makita BFL122FZ;Aku úhlový utahovák 5-12Nm,410ot,Li-ion 14,4V;0088381633802;14890;5
BFL200FZ;Makita BFL200FZ;Aku úhlový utahovák 8-20Nm,220ot,NiMH 12V;0088381046015;17390;5
BFL201FZ;Makita BFL201FZ;Aku úhlový utahovák 14,4V Li-ion 10-20 Nm,360 ot;0088381613316;24190;5
BFL202FZ;Makita BFL202FZ;Aku úhlový utahovák 14,4V Li-ion 8-20 Nm,220 ot;0088381633819;18690;5
BFL300FZ;Makita BFL300FZ;Aku úhlový utahovák 16-30Nm,400ot,Li-ion 14,4V;0088381058056;26290;5
BFL400FZ;Makita BFL400FZ;Aku úhlový utahovák 25-40Nm,260ot,Li-ion 14,4V;0088381058063;26290;5
BFR440RFE;Makita BFR440RFE;Aku šroubovák se zásobníkem 25-41mm,Li-ion 14,4V/3,0Ah;0088381077163;13990;5
BFR540RFE;Makita BFR540RFE;Aku šroubovák se zásobníkem 25-55mm,Li-ion 14,4V/3,0Ah;0088381082099;14090;5
BFR750RFE;Makita BFR750RFE;Aku šroubovák se zásobníkem 45-55mm,Li-ion 18V/3,0Ah;0088381082143;15490;5
BFS440Z;Makita BFS440Z;Aku šroubovák Li-ion 14,4V,bez aku;0088381093194;6590;5
BFT020FZ;Makita BFT020FZ;Aku šroubovák 0,5-2Nm,540ot,NiMH 9,6V;0088381048064;13790;5
BFT040FZ;Makita BFT040FZ;Aku šroubovák 1-4Nm,950ot,NiMH 9,6V;0088381052535;13790;5
BFT041FZ;Makita BFT041FZ;Aku šroubovák 14,4V Li-ion,1-4 Nm,800 ot;;24190;5
BFT042FZ;Makita BFT042FZ;Aku šroubovák 1-4Nm,1200ot,NiMH 12V;0088381084024;14890;5
BFT043FZ;Makita BFT043FZ;Aku šroubovák 1-4Nm,80ot,Li-ion 14,4V;0088381614405;15990;5
BFT044FZ;Makita BFT044FZ;Aku šroubovák 1-4Nm,950ot,Li-ion 14,4V;0088381633833;16490;5
BFT080FZ;Makita BFT080FZ;Aku šroubovák 3-6,5Nm,540ot,NiMH 9,6V;0088381048071;13790;5
BFT081FZ;Makita BFT081FZ;Aku šroubovák 3-8Nm,700ot,NiMH 12V;0088381067072;14390;5
BFT082FZ;Makita BFT082FZ;Aku šroubovák 3-8Nm,860ot,Li-ion 14,4V;0088381613293;24190;5
BFT083FZ;Makita BFT083FZ;Aku šroubovák 14,4V Li-ion,3-8 Nm,80 ot;0088381614412;15990;5
BFT084FZ;Makita BFT084FZ;Aku šroubovák 14,4V Li-ion,3-8 Nm,780 ot;0088381633840;16490;5
BFT122FZ;Makita BFT122FZ;Aku šroubovák 5-12Nm,320ot,NiMH 9,6V;0088381052542;14390;5
BFT123FZ;Makita BFT123FZ;Aku šroubovák 5-12Nm,390ot,NiMH 12V;0088381052559;14390;5
BFT124FZ;Makita BFT124FZ;Aku šroubovák 5-12Nm,620ot,Li-ion 14,4V;0088381613309;24190;5
BFT125FZ;Makita BFT125FZ;Aku šroubovák 14,4V Li-ion,5-12 Nm,150 ot;0088381614429;15990;5
BFT126FZ;Makita BFT126FZ;Aku šroubovák 14,4V Li-ion,5-12 Nm,410 ot;0088381633857;18690;5
BGA450RFE;Makita BGA450RFE;Aku úhlová bruska 115mm Li-ion 14,4V/3,0Ah;0088381080804;9190;5
BGD800RFJ;Makita BGD800RFJ;Aku pøímá bruska Li-ion 18V/3,0Ah,systainer;0088381643658;13390;5
BHP446RFBX;Makita BHP446RFBX;Aku pøíklepový šroubovák s pøíslušenstvím Li-ion 14,4V/3,0Ah;0088381635172;10090;5
BHP446RFE;Makita BHP446RFE;Aku pøíklepový šroubovák Li-ion 14,4V/3,0Ah;0088381619967;10990;5
BHP448Z;Makita BHP448Z;Aku pøíklepový šroubovák Li-ion 14,4V,bez aku;0088381627856;5390;5
BHP456Z;Makita BHP456Z;Aku pøíklepový šroubovák Li-ion 18V,bez aku;0088381613866;5590;5
BHP458Z;Makita BHP458Z;Aku pøíklepový šroubovák Li-ion 18V,bez aku;0088381628020;5990;5
BHP459Z;Makita BHP459Z;Aku bezuhlíkový pøíklepový šroubovák Li-ion 18V,bez aku;0088381632720;4890;5
BHR162RFJ;Makita BHR162RFJ;Aku vrtací kladivo Li-ion 14,4V/3,0Ah,systainer;0088381645249;14990;5
BHR202RFE;Makita BHR202RFE;Aku kombinované kladivo Li-ion 18V/3,0Ah;0088381093248;14990;5
BHR202Z;Makita BHR202Z;Aku kombinované kladivo Li-ion 18V,bez aku;0088381093262;6090;5
BHR241Z;Makita BHR241Z;Aku kombinované kladivo Li-ion 18V,bez aku;0088381095594;6090;5
BHR243Z;Makita BHR243Z;Aku kombinované kladivo Li-ion 18V,bez aku;0088381625647;8390;5
BHR262RB3;Makita BHR262RB3;Aku kladivo Li-ion 36V s adaptérem BCV02 a 3xaku 18V/3,0Ah;0088381663397;14990;5
BHR262TRB3;Makita BHR262TRB3;Aku kladivo Li-ion 36V s rychlosklíèidlem, adaptérem BCV02 a 3xaku 18V;0088381663434;15990;5
BHR262TRDE;Makita BHR262TRDE;Aku kombinované kladivo Li-ion 36V/2,6Ah;0088381631648;22190;5
BHR262Z;Makita BHR262Z;Aku kombinované kladivo Li-ion 36V bez akumulátoru;0088381631822;6490;5
BHS630Z;Makita BHS630Z;Aku okružní pila Li-ion 18V,bez aku ;0088381622332;8290;5
BHX2501;Makita BHX2501;Benzínové dmychalo/ofukovaè 4-takt (PB252.4);0088381614948;6790;5
BJN161RFJ;Makita BJN161RFJ;Aku prostøihovaè na plech Li-ion 18V/3,0Ah,systainer;0088381636957;20490;5
BJR181RFE;Makita BJR181RFE;Aku pila ocaska Li-ion 18V/3,0Ah;0088381075923;15390;5
BJR181Z;Makita BJR181Z;Aku pila ocaska Li-ion 18V bez akumulátoru;0088381070348;8290;5
BJS130RFE;Makita BJS130RFE;Aku prostøihovaè Li-ion 18V/3,0Ah;0088381094566;18390;5
BJV140RFE;Makita BJV140RFE;Aku pøímoèará pila Li-ion 14,4V/3,0Ah;0088381078641;13990;5
BJV180RFJ;Makita BJV180RFJ;Aku pøímoèará pila Li-ion 18V/3,0Ah,systainer;0088381636766;15490;5
BJV180Z;Makita BJV180Z;Aku pøímoèará pila Li-ion 18V,bez aku;0088381078672;7590;5
BKP180RFE;Makita BKP180RFE;Aku hoblík Li-ion 18V/3,0 Ah;0088381617482;13690;5
BLS713RFE;Makita BLS713RFE;Aku pokosová pila 190mm,Li-ion 18V/3,0Ah;0088381612395;30290;5
BMR102;Makita BMR102;Aku rádio;0088381624268;3590;5
BMR102W;Makita BMR102W;Aku rádio bílé;0088381624275;3590;5
BMR103B;Makita BMR103B;Aku rádio s pøipojením iPod/iPhone;0088381625074;5290;5
BO3710;Makita BO3710;Vibraèní bruska 185x93mm,190W;0088381603348;2790;5
BO3711;Makita BO3711;Vibraèní bruska s regulací 185x93mm,190W;0088381603294;3090;5
BO4555;Makita BO4555;Vibraèní bruska 112x100mm,200W;0088381081719;2990;5
BO4557;Makita BO4557;Vibraèní bruska 112x100mm,180W;0088381088909;2590;5
BO4565;Makita BO4565;Vibraèní bruska 112x190mm,200W;0088381081740;3090;5
BO4900VJ;Makita BO4900VJ;Vibraèní bruska s regulací 115x229mm,330W,systainer;0088381640664;7990;5
BO5030;Makita BO5030;Excentrická bruska 125mm,300W;0088381092715;3490;5
BO5031;Makita BO5031;Excentrická bruska s regulací 125mm,300W;0088381097727;3590;5
BO5041;Makita BO5041;Excentrická bruska s regulací 125mm,300W;0088381607308;4290;5
BO6030J;Makita BO6030J;Excentrická bruska s regulací 150mm,310W,systainer;0088381640701;8190;5
BO6040J;Makita BO6040J;Excentrická bruska s regulací 150mm,750W,systainer;0088381640688;12990;5
BPB180RFE;Makita BPB180RFE;Aku pásová pila 1140mm,Li-ion 18V/3,0Ah;0088381077125;19990;5
BPJ180Z;Makita BPJ180Z;Aku štìrbinová frézka Li-ion 18V,bez aku;0088381626750;7790;5
BPT350RFE;Makita BPT350RFE;Aku høebíkovaèka Li-ion 14.4V/3,0Ah;0088381079273;16990;5
BPT350Z;Makita BPT350Z;Aku høebíkovaèka Li-ion 14,4V,bez aku;0088381079402;7990;5
BPT351RFE;Makita BPT351RFE;Aku høebíkovaèka Li-ion 18V/3.0Ah;0088381620871;16990;5
BSS500RFE;Makita BSS500RFE;Aku okružní pila 136mm Li-ion 14,4V/3,0 Ah;0088381080071;12090;5
BST110Z;Makita BST110Z;Aku sponkovaèka Li-ion 14,4V,bez aku;0088381089227;9090;5
BST220Z;Makita BST220Z;Aku sponkovaèka Li-ion 14,4V,bez aku;0088381095624;9590;5
BST221Z;Makita BST221Z;Aku sponkovaèka Li-ion 18V,bez aku;0088381095648;10290;5
BTD134RFJ;Makita BTD134RFJ;"Aku rázový utahovák 1/4""Li -ion 14,4V/3,0Ah,systainer";0088381640138;11090;5
BTD134Z;Makita BTD134Z;"Aku rázový utahovák 1/4""Li -ion 14,4V,bez aku";0088381621359;5290;5
BTL060RFE;Makita BTL060RFE;Aku úhlový šroubovák Li-ion 14,4V/3,0Ah;0088381085229;14390;5
BTM50RFEX4;Makita BTM50RFEX4;Aku Multi Tool s pøíslušenstvím Li-ion 18V/3,0Ah;0088381631242;11090;5
BTM50Z;Makita BTM50Z;Aku Multi Tool Li-ion 18V bez akumulátoru;0088381631280;4590;5
BTP130RFE;Makita BTP130RFE;Aku víceúèelový utahovák Li-ion,14,4V/3,0Ah;0088381076241;13690;5
BTP141RFJX;Makita BTP141RFJX;Aku víceúèelový utahovák Li-ion 18V/3,0Ah,systainer;0088381639927;15490;5
BTW250RFJ;Makita BTW250RFJ;"Aku rázový utahovák 1/2""Li -ion 14,4V/3,0Ah,systainer";0088381640350;13590;5
BTW251RFJ;Makita BTW251RFJ;"Aku rázový utahovák 1/2""Li -ion 18V/3,0Ah";0088381639958;14190;5
BTW251Z;Makita BTW251Z;"Aku rázový utahovák 1/2""Li -ion 18V,bez aku";0088381076777;6590;5
BUB182Z;Makita BUB182Z;Aku ofukovaè Li-ion 18V,bez aku;0088381096591;2890;5
BUB183Z;Makita BUB183Z;Aku ofukovaè Li-ion 18V,bez aku;0088381632065;2890;5
BUC122RFE;Makita BUC122RFE;Aku øetìzová pila Li-on 18V/3,0Ah;0088381089180;13990;5
BUC250Z;Makita BUC250Z;Aku øetìzová pila Li-on 36V,bez aku;0088381608343;8490;5
BUH523Z;Makita BUH523Z;Aku plotostøih 520mm Li-ion 18V,bez aku;0088381626033;3490;5
BUM168Z;Makita BUM168Z;Aku nùžky na trávu 160mm Li-ion 18V,bez aku;0088381626545;3290;5
BUR181Z;Makita BUR181Z;Aku vyžínaè Li-ion 18V,bez aku;0088381625333;3790;5
BUR182UZ;Makita BUR182UZ;Aku vyžínaè Li-ion 18V,bez aku;0088381648523;10690;5
BVC340Z;Makita BVC340Z;Aku vysavaè Li-ion 14,4V,bez aku;0088381609227;5790;5
BVC350Z;Makita BVC350Z;Aku vysavaè Li-ion 18V,bez aku;0088381613842;6090;5
BVF104RF;Makita BVF104RF;Aku postøikovaè Li-ion 18V/3,0Ah,1xaku;0088381602853;18290;5
BVF104Z;Makita BVF104Z;Aku postøikovaè Li-ion 18V,bez aku;0088381602846;11990;5
BVR450RFE;Makita BVR450RFE;Aku pøístroj ke zhutòování betonu Li-ion 18V/3,0Ah;0088381077460;16690;5
CC300DW;Makita CC300DW;Aku øezaèka skla a dlaždic Li-ion 10.8V/1.3 Ah;0088381624565;5490;5
CC300DZ;Makita CC300DZ;Aku øezaèka skla a dlaždic Li-ion 10.8V,bez aku;0088381624626;3290;5
CJ100DZ2XL;Makita CJ100DZ2XL;Bunda XXL s vyhøíváním Li-ion 10,8V;0088381663465;4990;5
CJ100DZL;Makita CJ100DZL;Bunda L s vyhøíváním Li-ion 10,8V;0088381663298;4990;5
CJ100DZM;Makita CJ100DZM;Bunda M s vyhøíváním Li-ion 10,8V;0088381663281;4990;5
CJ100DZXL;Makita CJ100DZXL;Bunda XL s vyhøíváním Li-ion 10,8V;;4990;5
CL070DS;Makita CL070DS;Aku vysavaè Li-ion 7,2V/1Ah;0088381601832;2290;5
CL100DZX;Makita CL100DZX;Aku vysavaè Li-ion 10.8V,bez aku;0088381603904;1790;5
CL102DZX;Makita CL102DZX;Aku vysavaè Li-ion 10.8V,bez aku;0088381613200;1790;5
DA3010F;Makita DA3010F;Úhlová vrtaèka 1-10mm,450W;0088381046947;7690;5
DA3011F;Makita DA3011F;Úhlová vrtaèka rychlosklíèidlo 1-10mm,450W;0088381047432;7990;5
DA312DWAE;Makita DA312DWAE;Aku úhlová vrtaèka NiCd 12V/1.9Ah;0088381073646;9590;5
DA330DWE;Makita DA330DWE;Aku úhlová vrtaèka Li-ion 10,8V/1.3Ah;0088381637268;5190;5
DA330DZ;Makita DA330DZ;Aku úhlová vrtaèka Li-ion 10,8V/1.3Ah;0088381637244;2690;5
DA4000LR;Makita DA4000LR;Úhlová vrtaèka 2-13mm,710W;0088381039499;12790;5
DA6301;Makita DA6301;Úhlová vrtaèka 2-13mm,810W;0088381034982;12990;5
DBM080;Makita DBM080;Diamantová jádrová vrtaèka 46mm,1300W;0088381043793;9590;5
DBM130;Makita DBM130;Diamantová jádrová vrtaèka 70mm,1700W;0088381043809;15490;5
DBM230;Makita DBM230;Diamantová jádrová vrtaèka 230mm,2500W;0088381067942;35290;5
DCG180RY;Makita DCG180RY;Aku pistole na tmel, Li-ion 18V/1,5Ah;0088381666909;12590;5
DCG180Z;Makita DCG180Z;Aku pistole na tmel, Li-ion 18V bez aku;0088381658645;6890;5
DCJ200Z2XL;Makita DCJ200Z2XL;Bunda XL s vyhøíváním Li-ion 14,4V/18V;0088381663526;5290;5
DCJ200ZL;Makita DCJ200ZL;Bunda L s vyhøíváním Li-ion 14,4V/18V;0088381663502;5290;5
DCJ200ZM;Makita DCJ200ZM;Bunda M s vyhøíváním Li-ion 10,8V;0088381663496;5290;5
DCJ200ZXL;Makita DCJ200ZXL;Bunda XL s vyhøíváním Li-ion 14,4V/18V;;5290;5
DCL180Z;Makita DCL180Z;Aku vysavaè Li-ion 18V,bez aku;0088381658539;2290;5
DCS230T;Makita DCS230T;Jednoruèní benzinová pila 0,78kW,25cm;0088381060387;11590;5
DCS3410TH;Makita DCS3410TH;Jednoruèní benzinová pila 1,4kW,25cm;;11990;5
DDF343SHE;Makita DDF343SHE;Aku vrtací šroubovák Li-ion 14,4V/1,3Ah;0088381659246;5990;5
DDF453SYE;Makita DDF453SYE;Aku vrtací šroubovák Li-ion 18V/1,5Ah;0088381659765;6690;5
DDF456RF3J;Makita DDF456RF3J;Aku vrtací šroubovák Li-ion 3xaku 18V 3,0 Ah,systainer;0088381652933;12490;5
DDF458RF3J;Makita DDF458RF3J;Aku vrtací šroubovák Li-ion 3xaku 18V 3,0 Ah,systainer;0088381653756;13990;5
DDF459RF3J;Makita DDF459RF3J;Aku bezuhlíkový šroubovák Li-ion 3xaku 18V 3,0 Ah,systainer;0088381659390;11990;5
DDF480RMJ;Makita DDF480RMJ;Aku vrtací šroubovák Li-ion 18V 4,0 Ah,systainer;0088381653244;13790;5
DDF480Z;Makita DDF480Z;Aku vrtací šroubovák Li-ion 18V bez aku;0088381653176;6190;5
DF010DSE;Makita DF010DSE;Aku vrtací šroubovák 7.2V Li-ion;0088381091060;3890;5
DF011DS;Makita DF011DS;Aku vrtací šroubovák 7.2V Li-ion;0088381098571;2990;5
DF030DWE;Makita DF030DWE;"Aku šroubovák 1/4"" Li-ion 10,8V/1,3Ah";0088381090841;4390;5
DF030DWX01;Makita DF030DWX01;"Aku šroubovák 1/4"" s lampou a kufrem Li-ion 10,8V/1,3Ah";0088381603355;5390;5
DF330DWE;Makita DF330DWE;Aku šroubovák Li-ion 10,8V/1,3Ah;0088381097314;4490;5
DF330DWLE;Makita DF330DWLE;Aku šroubovák s lampou Li-ion 10,8V/1,3Ah;0088381097666;5090;5
DF330DWLEP;Makita DF330DWLEP;Aku šroubovák s lampou Li-ion 10,8V/1,3Ah, rùžový;0088381640787;3490;5
DF330DWLX2;Makita DF330DWLX2;Aku šroubovák s lampou a kufrem Li-ion 10,8V/1,3Ah;0088381620970;5390;5
DF330DWX01;Makita DF330DWX01;Aku šroubovák s lampou a al kufrem Li-ion 10,8V/1,3Ah;0088381603362;5590;5
DFR550RFE;Makita DFR550RFE;Aku šroubovák se zásobníkem 25-55mm,Li-ion 18V/3,0Ah,systainer;0088381669474;15890;5
DFS451RFJ;Makita DFS451RFJ;Aku šroubovák Li-ion 18V/3,0Ah, systainer;;12990;5
DFS451Z;Makita DFS451Z;Aku šroubovák Li-ion 18V bez aku;0088381660129;6490;5
DGA452RFJ;Makita DGA452RFJ;Aku úhlová bruska 115mm Li-ion 18V/3,0Ah,systainer;0088381660273;13990;5
DGA452Z;Makita DGA452Z;Aku úhlová bruska 115mm Li-ion 18V bez aku;0088381660112;5890;5
DGD800Z;Makita DGD800Z;Aku pøímá bruska Li-ion 18V bez aku;0088381670388;5690;5
DHP343SHE;Makita DHP343SHE;Aku pøíklepový šroubovák Li-ion 14,4V/1,3Ah;0088381660310;6490;5
DHP446Z;Makita DHP446Z;Aku pøíklepový šroubovák Li-ion 14,4V,bez aku;0088381671149;5490;5
DHP448RFJ;Makita DHP448RFJ;Aku pøíklepový šroubovák Li-ion 14,4V/3,0Ah,systainer;0088381671231;12090;5
DHP453SYE;Makita DHP453SYE;Aku pøíklepový šroubovák Li-ion 18V/1,5Ah;0088381658225;6990;5
DHP453SYEX;Makita DHP453SYEX;Aku pøíklepový šroubovák s pøíslušenstvím Li-ion 18V/1,5Ah;0088381661492;8490;5
DHP456RF3J;Makita DHP456RF3J;Aku pøíklepový šroubovák Li-ion 3xaku 18V 3,0 Ah,systainer;0088381659383;12990;5
DHP458RF3J;Makita DHP458RF3J;Aku pøíklepový šroubovák Li-ion 3xaku 18V 3,0 Ah,systainer;0088381653916;14490;5
DHP459RF3J;Makita DHP459RF3J;Aku bezuhlíkový pøíklepový šroubovák Li-ion 3xaku 18V 3,0 Ah,systainer;0088381659406;11990;5
DHP480RMJ;Makita DHP480RMJ;Aku pøíklepový šroubovák Li-ion 18V 4,0 Ah,systainer;0088381653121;14190;5
DHP480Z;Makita DHP480Z;Aku pøíklepový šroubovák Li-ion 18V bez aku;0088381653022;6490;5
DHR241RFJ;Makita DHR241RFJ;Aku kombinované kladivo Li-ion 18V/3,0Ah,systainer;0088381645263;14990;5
DHR243RFJ;Makita DHR243RFJ;Aku kombinované kladivo Li-ion 18V/3,0Ah,systainer;0088381654760;16490;5
DHR263RF2;Makita DHR263RF2;Aku kladivo Li-ion 2x18V 3,0Ah;0088381663649;12090.00;5
DHR264RF2;Makita DHR264RF2;Aku kladivo s výmìnným sklíèidlem Li-ion 2x18V 3,0Ah;0088381663717;13290.00;5
DHS630RFJ;Makita DHS630RFJ;Aku okružní pila Li-ion 18V/3,0Ah ,systainer;0088381661119;17290;5
DHS630Z;Makita DHS630Z;Aku okružní pila Li-ion 18V,bez aku;0088381661089;8890;5
DJR181RFE;Makita DJR181RFE;Aku pila ocaska Li-ion 18V/3,0Ah;0088381657211;15390;5
DJS101RFJ;Makita DJS101RFJ;Aku prostøihovaè Li-ion 18V/3,0Ah,systainer;0088381672245;20390;5
DJV140RFJ;Makita DJV140RFJ;Aku pøímoèará pila Li-ion 14,4V/3,0Ah,systainer;0088381671958;14690;5
DK1150;Makita DK1150;Sada 4351CT+BO3710;0088381611374;7090;5
DK1197;Makita DK1197;Sada 6261DWPLE+BMR102;0088381631952;5990;5
DK1458;Makita DK1458;Sada BDF442RFE+BDA340+BML145;0088381616324;14790;5
DK1474;Makita DK1474;Sada DF330DWE+TD090+JV100+HS300+ML101;0088381623070;8890;5
DK1488;Makita DK1488;Sada DF330DWE+MR051+ML101;0088381631976;4890;5
DK1495;Makita DK1495;Sada 6 strojù Li-ion, 10,8V/1,3 Ah;0088381636629;13690;5
DK1499W;Makita DK1499W;Sada HP330DWE+ML100+MR051+kufr;0088381642866;4990;5
DK18024S;Makita DK18024S;Sada BDF453SHE+BUR181+BUM168;0088381634151;10790;5
DK18038;Makita DK18038;Sada BHP456RFE+BKP180+BGA452+BJV180+BML186;0088381635004;30290;5
DK18048X;Makita DK18048X;Sada BDF456RFE+ BDA350Z+BML802+kufr ;0088381642033;16790;5
DK18049;Makita DK18049;Sada BDF456RFE+BGA452+BML802;0088381646178;16790;5
DK18050;Makita DK18050;Sada BHP456RFE+BHR241+BML802;0088381646185;16990;5
DK18056;Makita DK18056;Sada 4 strojù Li-ion 18V/3,0Ah+BMR102+BML801;0088381647113;32290;5
DK18057;Makita DK18057;Sada BTM50RFEX4+BDF456;0088381647861;14990;5
DK1882;Makita DK1882;Sada BDF456RFE+BGA452+BML185;0088381623124;15790;5
DK1886;Makita DK1886;Sada 5 strojù Li-ion 18V/3,0Ah+BML185;0088381622165;26290;5
DKP180Z;Makita DKP180Z;Aku hoblík Li-ion 18V,bez aku;0088381662635;5790;5
DLX3010;Makita DLX3010;Aku sada DDF456+DGA452+BML802;0088381665124;17890;5
DLX3010WX;Makita DLX3010WX;Aku  bílá sada DDF456+DGA452+BML802;0088381665131;17890;5
DLX3011;Makita DLX3011;Aku sada DHP456+DHR241+BML802;0088381668118;18390;5
DLX4008;Makita DLX4008;Aku sada DGA452+DHP458+DHR241+BMR102;0088381661966;27690;5
DLX6008;Makita DLX6008;Aku sada 4 stroje Li-ion 18V+BMR102+BML801;0088381668538;33490;5
DP2010;Makita DP2010;Vysokorychlostní vrtaèka 0,5-6,5mm,370W;0088381645904;2290;5
DP2011;Makita DP2011;Vysokorychlostní vrtaèka 0,8-6,5mm,370W;0088381645911;2890;5
DP3003;Makita DP3003;Vrtací šroubovák 1-10mm,710W;0088381036436;6590;5
DP4001;Makita DP4001;Vrtací šroubovák 1,5-13mm,750W;0088381036498;7390;5
DP4003;Makita DP4003;Vrtací šroubovák 1,5-13mm,750W;0088381036511;7790;5
DP4003K;Makita DP4003K;Vrtací šroubovák s kufrem 1,5-13mm,750W;0088381036528;7990;5
DP4010;Makita DP4010;Vrtaèka 2 rychlosti,1,5-13mm,720W;0088381084888;4090;5
DP4011;Makita DP4011;Vrtaèka 2 rychlosti,rychlosklíèidlo,1,5-13mm,720W;0088381084901;4290;5
DP4700;Makita DP4700;Vrtací šroubovák 1,5-13mm,510W;0088381001243;6090;5
DS4010;Makita DS4010;Vrtaèka 13mm,750W;0088381611817;5590;5
DS4011;Makita DS4011;Vrtaèka 13mm,750W;0088381611848;7090;5
DSS610RFJ;Makita DSS610RFJ;Aku okružní pila 165mm Li-ion 18V/3,0 Ah,systainer;0088381657341;16390;5
DSS610Z;Makita DSS610Z;Aku okružní pila Li-ion 18V bez aku;0088381657266;8490;5
DTD136RFJ;Makita DTD136RFJ;Aku rázový utahovák Li-ion 14,4V/3,0Ah ,systainer;0088831663595;14390;5
DTD146RFJ;Makita DTD146RFJ;"Aku rázový utahovák 1/4""Li -ion 18V/3,0Ah,systainer";0088381656993;12690;5
DTD146Z;Makita DTD146Z;"Aku rázový utahovák 1/4""Li -ion 18V bez aku";0088381656870;5890;5
DTD147RFJ;Makita DTD147RFJ;"Aku rázový utahovák 1/4""Li -ion 18V/3,0Ah,systainer";0088381640336;14990;5
DTD147Z;Makita DTD147Z;"Aku rázový utahovák 1/4""Li -ion 18V bez aku";0088381657440;6890;5
DTL060RFJ;Makita DTL060RFJ;Aku úhlový šroubovák Li-ion 14,4V/3,0Ah;0088381663793;14990;5
DTL061RFJ;Makita DTL061RFJ;Aku úhlový šroubovák Li-ion 18V/3,0Ah,systainer;0088381664301;16490;5
DTS130RFJ;Makita DTS130RFJ;Aku rázový utahovák Li-ion 14,4V/3,0Ah;0088381676908;22590;5
DTW251RFJ;Makita DTW251RFJ;"Aku rázový utahovák 1/2""Li -ion 18V/3,0Ah,systainer";0088381672443;15590;5
DTW450RFJ;Makita DTW450RFJ;"Aku rázový utahovák 1/2""Li -ion 18V/3,0Ah,systainer";0088381673358;18190;5
DTW450Z;Makita DTW450Z;Aku rázový utahovák Li-ion 18V bez aku;0088381673310;8790;5
DUC122Z;Makita DUC122Z;Aku øetìzová pila Li-on 18V,bez aku;0088381676946;6590;5
DUH551RF2;Makita DUH551RF2;Aku plotostøih 550mm Li-ion 2x18V/3,0 Ah;0088381670296;12190;5
EA3201S;Makita EA3201S;Benzinová pila 1,30kW,40 cm;0088381617420;6990;5
EA3500S;Makita EA3500S;Benzinová pila 1,70kW,40cm;4002829818947;8190;5
EA4300F;Makita EA4300F;Benzinová pila 2,2kW,38cm;4002829788196;11990;5
EA5000P;Makita EA5000P;Benzinová pila 2,8kW,38cm;4002829805541;15990;5
EBH341U;Makita EBH341U;Benzinový køovinoøez 4-takt 1,07kW(MS335.4U);0088381601139;11790;5
EG241A;Makita EG241A;Elektrocentrála 2,5kW,57kg;0088381601511;26990;5
EG321A;Makita EG321A;Elektrocentrála 3,3kW,61kg;0088381601528;36990;5
EG441A;Makita EG441A;Elektrocentrála 4,4kW,77,2kg;0088381601535;42990;5
EG601A;Makita EG601A;Elektrocentrála 5kW,104kg;0088381601542;49390;5
EG671A;Makita EG671A;Elektrocentrála 5,5kW,106kg;0088381601559;56490;5
EK6101;Makita EK6101;Benzinová rozbrušovací pila 3,2kW,350mm;4002829825273;20990;5
EK7301;Makita EK7301;Benzinová rozbrušovací pila 3,8kW,350mm;;28990;5
EK7651H;Makita EK7651H;Benzinová rozbrušovací pila  4-takt,3kW,350mm;0088381620017;34990;5
FS2300;Makita FS2300;Elektronický šroubovák 2500ot,570W;0088381603188;6590;5
FS2700;Makita FS2700;Elektronický šroubovák 32/18Nm,2500ot,570W;0088381603249;7090;5
FS4000;Makita FS4000;Elektronický šroubovák 4000ot,570W;0088381600842;4790;5
FS4300;Makita FS4300;Elektronický šroubovák 4000ot,570W;0088381600897;5890;5
FS6300R;Makita FS6300R;Elektronický šroubovák 6000ot,570W;0088381600958;5890;5
GA4530;Makita GA4530;Úhlová bruska 115mm,720W;0088381096959;2190;5
GA4540;Makita GA4540;Úhlová bruska 115mm,SJS,1100W;0088381628266;4190;5
GA4540C01;Makita GA4540C01;Úhlová bruska 115mm,SJS,elektronika,1400W;0088381629096;6590;5
GA5021;Makita GA5021;Úhlová bruska 125mm,1050W;0088381088565;3790;5
GA5021C;Makita GA5021C;Úhlová bruska s elektronikou 125mm,1450W;0088381085984;4990;5
GA5030;Makita GA5030;Úhlová bruska 125mm,720W;0088381097031;2290;5
GA5030KSP4;Makita GA5030KSP4;Úhlová bruska s pøíslušenstvím 125mm,720W;0088381605465;3190;5
GA5040;Makita GA5040;Úhlová bruska 125mm,SJS,1100W;0088381628327;5290;5
GA5040C01;Makita GA5040C01;Úhlová bruska 125mm,SJS,elektronika,1400W;0088381629171;5890;5
GA5040Z1;Makita GA5040Z1;Úhlová bruska 125mm,SJS,1100W;0088381628389;3590;5
GA6021;Makita GA6021;Úhlová bruska 150mm,1050W;0088381090063;3790;5
GA6021C;Makita GA6021C;Úhlová bruska s elektronikou 150mm,1450W;0088381085991;5290;5
GA6040C01;Makita GA6040C01;Úhlová bruska 150mm,SJS,elektronika,1400W;0088381629263;6590;5
GA7010C;Makita GA7010C;Úhlová bruska s elektronikou 180mm,2000W;0088381056366;5390;5
GA7020;Makita GA7020;Úhlová bruska 180mm,2200W;0088381068093;4090;5
GA7020F;Makita GA7020F;Úhlová bruska 180mm,2200W;0088381070942;4490;5
GA7020RF;Makita GA7020RF;Úhlová bruska s elektronikou 180mm,2200W;0088381607414;4790;5
GA7030RF01;Makita GA7030RF01;Úhlová bruska s elektronikou 180mm,2400W;0088381607438;6090;5
GA7040RF01;Makita GA7040RF01;Úhlová bruska s elektronikou 180mm,2600W;0088381607445;7290;5
GA9010C;Makita GA9010C;Úhlová bruska s elektronikou 230mm,2000W;0088381056373;5390;5
GA9020;Makita GA9020;Úhlová bruska 230mm,2200W;0088381068130;4090;5
GA9020F;Makita GA9020F;Úhlová bruska 230mm,2200W;0088381070560;4490;5
GA9020K;Makita GA9020K;Úhlová bruska s kufrem 230mm,2200W;0088381070539;4590;5
GA9020RF;Makita GA9020RF;Úhlová bruska s elektronikou 230mm,2200W;0088381607452;4790;5
GA9020RFK;Makita GA9020RFK;Úhlová bruska s elektronikou a kufrem 230mm,2200W;0088381607469;5290;5
GA9030RF01;Makita GA9030RF01;Úhlová bruska s elektronikou 230mm,2400W;0088381607483;7290;5
GA9030X01;Makita GA9030X01;Úhlová bruska s antivibraèní rukojetí 230mm,2400W;0088381616126;6290;5
GA9040R;Makita GA9040R;Úhlová bruska s elektronikou 230mm,2600W;0088381605823;6490;5
GA9040RF01;Makita GA9040RF01;Úhlová bruska s elektronikou 230mm,2600W;0088381607490;7590;5
GA9050R;Makita GA9050R;Úhlová bruska s elektronikou 230mm,2000W;0088381606141;3890;5
GB602;Makita GB602;Dvoukotouèová bruska 150mm,250W;0088381075763;3390;5
GB602W;Makita GB602W;Dvoukotouèová bruska s držákem,150mm,250W;0088381075770;3390;5
GB801;Makita GB801;Dvoukotouèová bruska 205mm,550W;0088381075787;5290;5
GD0601;Makita GD0601;Pøímá bruska 6mm,400W;0088381078696;6790;5
GD0602;Makita GD0602;Pøímá bruska 6mm,400W;0088381097109;6190;5
GD0800C;Makita GD0800C;Pøímá bruska 6mm,750W;0088381034579;9190;5
GD0810C;Makita GD0810C;Pøímá bruska 6mm,750W;0088381034586;9190;5
GN420CSE;Makita GN420CSE;Aku plynová høebíkovaèka  Li-ion 7,2V;0088381635851;26990;5
GV6010;Makita GV6010;Bruska 150mm,440W;0088381093538;2990;5
HB500;Makita HB500;Magnetická vrtaèka 50mm,1150W;00883816229816;36990;5
HG5012K;Makita HG5012K;Horkovzdušná pistole 350/550°C,1600W;0088381604833;1890;5
HG551VK;Makita HG551VK;Horkovzdušná pistole 100-550°C,1800W;0088381604857;2890;5
HG651CK;Makita HG651CK;Horkovzdušná pistole 80-650°C,2000W;0088381604871;4190;5
HK0500;Makita HK0500;Lehké sekací kladivo 1,8J,550W;0088381028066;9990;5
HK1820;Makita HK1820;Lehké sekací kladivo 3,1J,550W;0088381088619;14690;5
HK1820L;Makita HK1820L;Lehké sekací kladivo s rukojetí 2,5J,510W;0088381090742;15190;5
HM0870C;Makita HM0870C;Sekací kladivo 7,6J,1100W;0088381605311;16190;5
HM0871C;Makita HM0871C;Sekací kladivo s AVT 8,1J,1100W;0088381605335;17690;5
HM1101C;Makita HM1101C;Sekací kladivo 11,5J,1300W;0088381609364;19690;5
HM1111C;Makita HM1111C;Sekací kladivo s AVT 11,2J,1300W;0088381609388;21190;5
HM1203C;Makita HM1203C;Sekací kladivo 19,1J,1510W;0088381601986;24190;5
HM1213C;Makita HM1213C;Sekací kladivo s AVT 18,6J,1510W;0088381602181;25190;5
HM1214C;Makita HM1214C;Sekací kladivo s AVT 19,9J,1510W;0088381603669;30290;5
HM1307C;Makita HM1307C;Bourací kladivo 25,5J,1510W;0088381604642;31290;5
HM1307CB;Makita HM1307CB;Bourací kladivo 26,5J,1510W;0088381604673;34290;5
HM1317C;Makita HM1317C;Bourací kladivo s AVT 23,6J,1510W;0088381604628;33290;5
HM1400;Makita HM1400;Bourací kladivo 33,7J,1240W;0088381003865;41390;5
HM1801;Makita HM1801;Bourací kladivo 44,9J,2000W;0088381065429;55490;5
HM1810;Makita HM1810;Bourací kladivo s AVT 44,9J,2000W;0088381065412;59490;5
HP1630K;Makita HP1630K;Pøíklepová vrtaèka s kufrem 1,5-13mm,710W;0088381093125;2590;5
HP1631K;Makita HP1631K;Pøíklepová vrtaèka s kufrem,rychlosklíèidlo 1,5-13mm,710W;0088381093156;2690;5
HP1640;Makita HP1640;Pøíklepová vrtaèka 1,5-13mm,680W;0088381096614;2290;5
HP1640K;Makita HP1640K;Pøíklepová vrtaèka s kufrem 1,5-13mm,680W;0088381098632;2690;5
HP1641K;Makita HP1641K;Pøíklepová vrtaèka s kufrem,rychlosklíèidlo 1,5-13mm,680W;0088381096645;2790;5
HP1641K1X;Makita HP1641K1X;Pøíklepová vrtaèka s kufrem,rychlosklíèidlo 1,5-13mm,680W;0088381604345;2990;5
HP2050H;Makita HP2050H;Pøíklepová vrtaèka s kufrem 1,5-13mm,2rychlosti,720W;0088381621847;3990;5
HP2051HJ;Makita HP2051HJ;Pøíklepová vrtaèka,rychlosklíèidlo 1,5-13mm,2rychlosti,720W,systainer;0088381645393;4690;5
HP2070;Makita HP2070;Pøíklepová vrtaèka s kufrem 1,5-13mm,2rychlosti,1010W;0088381051644;5190;5
HP2071J;Makita HP2071J;Pøíklepová vrtaèka,rychlosklíèidlo 1,5-13mm,2rychlosti,1010W,systainer;0088381645461;5690;5
HP330DWE;Makita HP330DWE;Aku pøíklepový šroubovák Li-ion 10,8V/1,3Ah;0088381630832;4590;5
HP330DZ;Makita HP330DZ;Aku pøíklepový šroubovák Li-ion 10,8V,bez aku;0088381630870;2690;5
HR1830;Makita HR1830;Vrtací kladivo 1,2J,440W;0088381074506;4090;5
HR2300;Makita HR2300;Vrtací kladivo 2,3J,720W;0088381606486;4090;5
HR2432;Makita HR2432;Vrtací kladivo s odsáváním 1,8J,780W;0088381061339;9890;5
HR2450;Makita HR2450;Kombinované kladivo 2,3J,780W;0088381042819;4590;5
HR2450FTX;Makita HR2450FTX;Kombinované kladivo s výmìnným sklíèidlem 2,3J,780W;0088381085427;5590;5
HR2460;Makita HR2460;Vrtací kladivo 2,4J,780W;0088381081603;5590;5
HR2470;Makita HR2470;Kombinované kladivo 2,4J,780W;0088381081658;5990;5
HR2470T;Makita HR2470T;Kombinované kladivo s výmìnným sklíèidlem 2,3J,780W;0088381081696;6890;5
HR2600;Makita HR2600;Vrtací kladivo 2,4J,800W;0088381606561;5790;5
HR2610;Makita HR2610;Kombinované kladivo 2,4J,800W;0088381606646;6190;5
HR2610T;Makita HR2610T;Kombinované kladivo s výmìnným sklíèidlem 2,4J,800W;0088381606707;7290;5
HR2611F;Makita HR2611F;Kombinované kladivo s AVT 2,4J,800W;0088381606738;6890;5
HR2611FT;Makita HR2611FT;Kombinované kladivo s AVT a výmìnným sklíèidlem 2,4J,800W;0088381606813;7590;5
HR2800;Makita HR2800;Vrtací kladivo 2,9J,800W;0088381083850;8990;5
HR2810;Makita HR2810;Kombinované kladivo 2,8J,800W;0088381083829;9790;5
HR2810T;Makita HR2810T;Kombinované kladivo s výmìnným sklíèidlem 2,8J,800W;0088381083843;10590;5
HR2811FT;Makita HR2811FT;Kombinované kladivo s výmìnným sklíèidlem 2,9J,800W;0088381083898;11090;5
HR3200C;Makita HR3200C;Kombinované kladivo 5,1J,850W;0088381088732;15790;5
HR3210C;Makita HR3210C;Kombinované kladivo s AVT 5,6J,850W;0088381088718;17990;5
HR3210FCT;Makita HR3210FCT;Kombinované kladivo s výmìnným sklíèidlem a AVT 4,9J,850W;0088381088756;19490;5
HR3540C;Makita HR3540C;Kombinované kladivo 5,6J,850W;0088381093576;17790;5
HR3541FC;Makita HR3541FC;Kombinované kladivo s AVT 6,1J,850W;0088381093545;18990;5
HR4001C;Makita HR4001C;Kombinované kladivo 6,8J,1100W;0088381066297;20190;5
HR4002;Makita HR4002;Kombinované kladivo 6,1J,1050W;0088381081566;12390;5
HR4011C;Makita HR4011C;Kombinované kladivo s AVT 6,8J,1100W;0088381066303;23190;5
HR4501C;Makita HR4501C;Kombinované kladivo 10,1J,1350W;0088381084970;24690;5
HR4511C;Makita HR4511C;Kombinované kladivo s AVT 9,4J,1350W;0088381084956;26290;5
HR5201C;Makita HR5201C;Kombinované kladivo 19,7J,1500W;0088381081290;27290;5
HR5211C;Makita HR5211C;Kombinované kladivo s AVT 18,9J,1500W;0088381080132;29290;5
HS300DZ;Makita HS300DZ;Aku okružní pila Li-ion 10,8V,bez aku;0088381611930;2590;5
HS6101;Makita HS6101;Ruèní kotouèová pila 165mm,1100W;0088381624718;6990;5
HS7101;Makita HS7101;Ruèní kotouèová pila 190mm,1400W;0088381624770;7290;5
HS7101J;Makita HS7101J;Ruèní kotouèová pila 190mm,1400W,systainer;0088381636520;7990;5
HW102;Makita HW102;Vysokotlaká myèka 100bar,1300W;4002829764824;2590;5
HW111;Makita HW111;Vysokotlaká myèka 110bar,1700W;4002829764862;4990;5
HW112;Makita HW112;Vysokotlaká myèka 120bar,1600W;4002829764893;6890;5
HW120;Makita HW120;Vysokotlaká myèka s ohøevem 120bar,2200W;0088381097284;43990;5
HW132;Makita HW132;Vysokotlaká myèka 140bar,2100W;4002829764954;8790;5
HW140;Makita HW140;Vysokotlaká myèka 140bar,2300W;4002829764985;17690;5
HW151;Makita HW151;Vysokotlaká myèka 150bar,2500W;4002829765012;19890;5
JN1601;Makita JN1601;Prostøihovaè 1,6mm,550W;0088381015448;10590;5
JN3201J;Makita JN3201J;Prostøihovaè 3,2mm,710W,systainer;0088381637763;18990;5
JR100DWE;Makita JR100DWE;Aku pila ocaska Li-ion 10,8V/1,3Ah;0088381622226;5490;5
JR100DZ;Makita JR100DZ;Aku pila ocaska Li-ion 10,8V,bez aku;0088381622219;2590;5
JR3050T;Makita JR3050T;Pila ocaska 1010W;0088381061407;6390;5
JR3060T;Makita JR3060T;Pila ocaska s pøedkyvem 1250W;0088381061315;8290;5
JR3070CT;Makita JR3070CT;Pila ocaska s pøedkyvem a AVT 1510W;0088381061322;9690;5
JS1000;Makita JS1000;Nùžky na plech 1,0mm,300W;0088381609166;9290;5
JS1601;Makita JS1601;Nùžky na plech 1,6mm,300W;0088381609074;9090;5
JS1602;Makita JS1602;Nùžky na plech 1,6mm,380W;0088381634113;9790;5
JS3201J;Makita JS3201J;Nùžky na plech 3,2mm,710W,systainer;0088381637725;15390;5
JV0600K;Makita JV0600K;Pøímoèará pila s regulací a pøedkyvem,650W;0088381620307;3790;5
JV100DWE;Makita JV100DWE;Aku pøímoèará pila Li-ion 10,8V/1,3Ah;0088381623827;5490;5
JV100DZ;Makita JV100DZ;Aku pøímoèará pila Li-ion 10,8V,bez aku;0088381623865;2590;5
KC100;Makita KC100;Øetìzová dlabaèka 2000W;0088381028257;55490;5
KP0800;Makita KP0800;Hoblík 82mm,620W;0088381603928;4290;5
KP0810;Makita KP0810;Hoblík 82mm,850W;0088381079501;6990;5
KP0810C;Makita KP0810C;Hoblík 82mm,1050W;0088381079549;7690;5
KP312S;Makita KP312S;Velkoplošný hoblík 312mm,2200W;0088381048132;69990;5
LB1200F;Makita LB1200F;Pásová pila 305mm,900W;0088381612128;18490;5
LC1230;Makita LC1230;Zkracovací pila na kov 305mm,1750W;0088381029506;23690;5
LCT303X;Makita LCT303X;Sada DF330D+TD090D+ML100+2xaku+AL kufr;0088381097895;7790;5
LCT304;Makita LCT304;Sada DF330DWLE+CL100DZX;0088381607506;5390;5
LF1000;Makita LF1000;Stolní a pokosová pila 260mm,1650W;0088381063302;28290;5
LH1040;Makita LH1040;Univerzální a pokosová pila 260mm,1650W;0088381057424;17690;5
LH1200FL;Makita LH1200FL;Stolní a pokosová pila 305mm,1650W;0088381624022;22190;5
LM430DWB;Makita LM430DWB;Aku sekaèka 430mm Li-ion 36V/2,2Ah;0088381624336;13990;5
LM430DZ;Makita LM430DZ;Aku sekaèka 430mm Li-ion 36V,bez aku;0088381624398;9090;5
LS0714;Makita LS0714;Pokosová pila 190mm,1010W;0088381057707;15190;5
LS0714FL;Makita LS0714FL;Pokosová pila se svìtlem 190mm,1010W;0088381057714;17190;5
LS0815FL;Makita LS0815FL;Pokosová pila se svìtlem 216mm,1400W;0088381662352;12790;5
LS1016;Makita LS1016;Pokosová pila 260mm,1510W;0088381099561;24190;5
LS1016L;Makita LS1016L;Pokosová pila s laserem 260mm,1510W;0088381099585;26790;5
LS1018L;Makita LS1018L;Pokosová pila s laserem 260mm,1430W;0088381608268;13090;5
LS1040;Makita LS1040;Pokosová pila 255mm,1650W;0088381024686;12090;5
LS1216;Makita LS1216;Pokosová pila 305mm,1650W;0088381602594;26290;5
LS1216L;Makita LS1216L;Pokosová pila s laserem 305mm,1650W;0088381602600;28290;5
LS1440;Makita LS1440;Pokosová pila 355mm;0088381002226;26490;5
LXT435;Makita LXT435;Sada DHP458+BGA452+BHR241+BMR102;0088381615976;24690;5
MAC610;Makita MAC610;Kompresor 500W,9kg;0883810630984;6190;5
MEU029;Makita MEU029;Sada SP6000K+4351FCT;0088381095228;13990;5
MEU029J;Makita MEU029J;Sada SP6000J+4351FCTJ, systainery;;15990;5
MEU041;Makita MEU041;Sada GA9020 + 9558HN;0088381603102;5590;5
MEU043;Makita MEU043;Sada HP1640 + 9557HN;0088381609401;4090;5
MLS100;Makita MLS100;Zkracovací a pokosová pila 255mm,1500W;0088381081009;9590;5
MLT100;Makita MLT100;Stolní pila 255mm,1500W;0088381095082;14190;5
MLT100X;Makita MLT100X;Stolní pila se stojanem 255mm,1500W (JM27000300);0088381099066;17490;5
N1923B;Makita N1923B;Hoblík 82mm,550W;0088381000048;6390;5
N5900B;Makita N5900B;Ruèní kotouèová pila 230mm,2000W;0088381052382;6190;5
PC5000C;Makita PC5000C;Bruska na beton 125mm,1400W;0088381099110;13490;5
PC5001C;Makita PC5001C;Bruska na beton s vedením 125mm,1400W;0088381099134;21690;5
PF0300;Makita PF0300;Kalové èerpadlo 140l/min,300W;4002829831564;1790;5
PF0403;Makita PF0403;Kalové èerpadlo nerez 120l/min,400W;4002829831496;2290;5
PF0410;Makita PF0410;Kalové èerpadlo 140l/min,400W;4002829831540;1890;5
PF0610;Makita PF0610;Kalové èerpadlo nerez 180l/min,550W;4002829831519;2790;5
PF0800;Makita PF0800;Kalové èerpadlo 220l/min,800W;4002829831533;2290;5
PF1010;Makita PF1010;Kalové èerpadlo 240l/min,1100W;4002829831526;2590;5
PF1100;Makita PF1100;Kalové èerpadlo nerez 250l/min,1100W;4002829831502;2890;5
PF1110;Makita PF1110;Kalové èerpadlo nerez 250l/min,1100W;4002829831557;2990;5
PF4000;Makita PF4000;Kalové èerpadlo 160l/min,400W;0088381604956;4090;5
PF4001;Makita PF4001;Kalové èerpadlo 180l/min,400W;0088381604963;4790;5
PJ7000J;Makita PJ7000J;Štìrbinová frézka 590W,systainer;0088381642071;9590;5
PV7000C;Makita PV7000C;Leštièka 180mm,900W;0088381037730;7490;5
PW5000CH;Makita PW5000CH;Bruska na kámen 100-125mm,900W;0088381069106;10290;5
RP0900;Makita RP0900;Vrchní frézka 900W;0088381099196;5190;5
RP0910J;Makita RP0910J;Vrchní frézka 900W,systainer;0088381641913;9990;5
RP1110CJ;Makita RP1110CJ;Vrchní frézka s regulací 1100W,systainer;0088381641937;10490;5
RP1800FXJ;Makita RP1800FXJ;Vrchní frézka 1800W,systainer;0088381642224;13390;5
RP2300FCXJ;Makita RP2300FCXJ;Vrchní frézka s regulací 2300W,systainer;0088381642132;14990;5
RST250;Makita RST250;Benzinový vyžínaè 0,73kW;0088381013390;8590;5
RT0700C;Makita RT0700C;Kombinovaná frézka 700W;0088381619066;3990;5
RT0700CW1J;Makita RT0700CW1J;Bílá kombinovaná frézka 700W, pøíslušenství,systainer;;6290;5
RT0700CX2J;Makita RT0700CX2J;Kombinovaná frézka s pøíslušenstvím 700W,systainer;0088381642187;6090;5
SA7000C;Makita SA7000C;Úhlová bruska/leštièka 180mm,1600W;0088381056472;7390;5
SG1250;Makita SG1250;Drážkovaèka 125mm,1400W;0088381052627;15790;5
SG150;Makita SG150;Drážkovaèka 150mm,1800W;0088381028240;22990;5
SK102Z;Makita SK102Z;Køížový laser;0088381617109;4590;5
SKR200Z;Makita SKR200Z;Automatický stavební laser;0088381634953;19990;5
SP6000;Makita SP6000;Ponorná pila 165mm,1300W;0088381078115;9290;5
SP6000J;Makita SP6000J;Ponorná pila165mm,1300W,systainer;0088381638999;11990;5
TD0101F;Makita TD0101F;Rázový utahovák 100Nm,230W;0088381099172;3190;5
TD021DSE;Makita TD021DSE;Aku pøíklepový šroubovák v tašce Li-ion 7,2V/1,0Ah;0088381604581;3690;5
TD090DWE;Makita TD090DWE;Aku rázový utahovák Li-ion 10,8V/1,3Ah;0088381091237;5590;5
TD091DWE;Makita TD091DWE;Aku rázový utahovák Li-ion 10,8V/1,3Ah;0088381641258;5690;5
TM3010C;Makita TM3010C;Multi Tool 320W;0088381651080;4490;5
TM3010CX4J;Makita TM3010CX4J;Multi Tool s pøíslušenstvím 320W,systainer;0088381651257;7990;5
TM3010CX5J;Makita TM3010CX5J;Multi Tool s pøíslušenstvím 320W,systainer;0088381651264;6290;5
TW0200;Makita TW0200;Rázový utahovák 200Nm,380W;0088381050241;8690;5
TW0350;Makita TW0350;Rázový utahovák 350Nm,400W;0088381051309;8890;5
TW1000;Makita TW1000;Rázový utahovák 1000Nm,1200W;0088381062855;24690;5
UB0800;Makita UB0800;Dmychadlo/vysavaè 1650W;0088381659130;3590;5
UB0800X;Makita UB0800X;Dmychadlo/vysavaè 1650W s pøíslušenstvím;;4590;5
UB1101;Makita UB1101;Dmychadlo/vysavaè 600W;0088381039642;2590;5
UB1103;Makita UB1103;Dmychadlo/vysavaè 600W;0088381658348;3790;5
UB360DZ;Makita UB360DZ;Aku ofukovaè Li-ion 36V,bez aku (AG3629);0088381618649;3890;5
UC250DWB;Makita UC250DWB;Aku øetìzová pila Li-ion 36V/2,2Ah (AS-3626LG);0088381618892;12890;5
UC250DZ;Makita UC250DZ;Aku øetìzová pila Li-ion 36V,bez aku (AS-3626);0088381618939;8090;5
UC3020A;Makita UC3020A;Elektrická pila 30cm,1800W(ES33A);0088381069991;3590;5
UC3030A;Makita UC3030A;Elektrická pila 30cm,2000W(ES2130A);0088381078474;5190;5
UC3520A;Makita UC3520A;Elektrická pila 35cm,1800W(ES38A);0088381069946;3990;5
UC3530A;Makita UC3530A;Elektrická pila 35cm,2000W(ES2135A);0088381078559;5590;5
UC3530AKX;Makita UC3530AKX;Elektrická pila 35cm,2000W+pøíslušenství+kufr;0088381626323;6790;5
UC4020A;Makita UC4020A;Elektrická pila 40cm,1800W(ES42A);0088381070003;4390;5
UC4030A;Makita UC4030A;Elektrická pila 40cm,2000W(ES2140A);0088381078504;5990;5
UC4530A;Makita UC4530A;Elektrická pila 45cm,2000W;4002829641217;6090;5
UH200DWX;Makita UH200DWX;Aku plotostøih/nùžky na trávu Li-ion 10,8V/1,3Ah;0088381609067;5790;5
UH200DZ;Makita UH200DZ;Aku plotostøih Li-ion 10,8V,bez aku;0088381607650;2890;5
UH4261;Makita UH4261;Elektrický plotostøih 42cm,400W (HT-43);0088381615846;2790;5
UH4570;Makita UH4570;Elektrický plotostøih 52cm,520W (HT-345);0088381095709;3990;5
UH4861;Makita UH4861;Elektrický plotostøih 48cm,400W (HT-49);0088381615860;2990;5
UH5261;Makita UH5261;Elektrický plotostøih 52cm,400W (HT-53);0088381615907;3190;5
UH550DWB;Makita UH550DWB;Aku plotostøih Li-ion 36 V/2,2Ah (AH-3656LG);0088381618762;12790;5
UH550DZ;Makita UH550DZ;Aku plotostøih Li-ion 36 V,bez aku (AH-3656);0088381618823;8390;5
UH5570;Makita UH5570;Elektrický plotostøih 55cm,550W (HT-355);0088381095723;4390;5
UH5580;Makita UH5580;Elektrický plotostøih 55cm,670W (HT-5510);0088381095747;6190;5
UH6570;Makita UH6570;Elektrický plotostøih 65cm,550W (HT-365);0088381095761;4790;5
UH6580;Makita UH6580;Elektrický plotostøih 65cm,670W (HT-6510);0088381095785;6490;5
UH7580;Makita UH7580;Elektrický plotostøih 75cm,670W (HT-7510);0088381095808;6790;5
UR3000;Makita UR3000;Elektrický vyžínaè 400W  (ET40);0088381616348;1790;5
UT120;Makita UT120;Míchadlo 1150W;0088381043823;9490;5
UT121;Makita UT121;Míchadlo 960W;0088381097826;4590;5
UT1305;Makita UT1305;Míchadlo 850W;0088381070881;6590;5
UT1400;Makita UT1400;Míchadlo 1300W;0088381648424;7990;5
UT1401;Makita UT1401;Míchadlo,2 rychlosti,1300W;0088381648431;9190;5
UT1600;Makita UT1600;Míchadlo,2 rychlosti,1800W;0088381648448;11590;5
UT2204;Makita UT2204;Míchadlo 850W;0088381070805;7090;5
VC2010L;Makita VC2010L;Univerzální vysavaè 27l,1300W,tøída L;0088381096744;6490;5
VC2511;Makita VC2511;Univerzální vysavaè 25l,1300W;0088381621281;4890;5
VC3210LX1;Makita VC3210LX1;Univerzální vysavaè 32l,1050W,tøída L;0088381615211;12090;5
VC3211MX1;Makita VC3211MX1;Univerzální vysavaè 32l,1050W,tøída M;0088381639200;20990;5
VC3511L;Makita VC3511L;Univerzální vysavaè 35l,1300W,tøída L;0088381621298;6990;5